"","CNTRYID","CNTSCHID","age","sex","ESCS","SES","MATH","growth"
"1",360,36000195,16,0,0.0585,1.44742006009499,466.4017,1
"2",360,36000038,16,1,-2.2463,-0.765447818999773,306.7464,0
"3",360,36000340,16,0,-2.1281,-0.651962491288474,496.6418,1
"4",360,36000184,16,1,-1.4426,0.00619480267172198,298.4413,0
"5",360,36000341,16,1,-0.4207,0.98733402761399,349.7686,0
"6",360,36000263,16,0,-1.4396,0.00907514093850632,463.1726,1
"7",360,36000331,16,0,-1.5749,-0.120828114893462,441.9811,1
"8",360,36000124,16,1,-2.2276,-0.747493710470151,322.5924,0
"9",360,36000313,16,1,-3.516,-1.98450298477842,327.4243,1
"10",360,36000020,16,0,-1.3601,0.0854041050082883,380.4083,0
"11",360,36000331,16,1,-0.9314,0.497004443331755,332.4031,0
"12",360,36000313,16,1,-1.468,-0.0181920613203844,345.8814,1
"13",360,36000095,16,1,-1.9854,-0.514954401065104,378.5587,0
"14",360,36000341,16,1,0.6824,2.04643440831055,324.7901,1
"15",360,36000150,16,0,0.308,1.68696819261588,395.7736,0
"16",360,36000006,16,1,-1.5339,-0.081463491914078,342.3494,0
"17",360,36000314,16,0,0.4414,1.81504723421222,409.5561,0
"18",360,36000382,16,0,-1.188,0.250639510246144,284.2069,0
"19",360,36000065,4,0,-1.4055,0.0418149859042871,413.7663,0
"20",360,36000167,16,1,0.1247,1.51097952451536,399.5858,1
"21",360,36000294,16,0,-2.9906,-1.48005974298894,362.1515,0
"22",360,36000331,16,0,-2.4471,-0.958238460323197,355.706,0
"23",360,36000124,16,0,-1.9624,-0.492871807686425,384.3466,0
"24",360,36000314,16,0,-1.6765,-0.218375570861888,404.151,0
"25",360,36000043,16,1,-1.9832,-0.512842153002796,301.3704,0
"26",360,36000065,16,0,-0.659,0.758539157955763,313.1915,1
"27",360,36000179,16,0,-2.379,-0.892854781667195,365.1752,0
"28",360,36000344,16,1,-2.0787,-0.604532921162094,349.8234,0
"29",360,36000382,16,1,-1.4619,-0.0123353735112564,364.0114,1
"30",360,36000264,16,0,-2.019,-0.547214189653088,327.6889,0
"31",360,36000313,16,0,-2.1946,-0.715809989535524,473.396,1
"32",360,36000150,16,1,-4.6315,-3.05550876364435,367.1026,1
"33",360,36000150,16,1,-1.6078,-0.152415824552529,389.0689,1
"34",360,36000314,16,0,-2.1593,-0.68191800926303,391.2999,0
"35",360,36000063,16,1,-0.1277,1.26864706500325,296.6511,0
"36",360,36000179,16,1,-2.071,-0.597140052944015,388.2232,0
"37",360,36000334,16,0,-1.3402,0.104510348844624,457.1008,1
"38",360,36000034,16,0,-2.6727,-1.17483989798537,387.6974,1
"39",360,36000313,16,1,-3.225,-1.70511017290035,366.4187,1
"40",360,36000006,16,1,0.1776,1.56176948928632,424.6879,0
"41",360,36000074,16,1,-1.6581,-0.200709496158945,409.9159,0
"42",360,36000259,16,0,-0.7538,0.667520468725381,369.9671,0
"43",360,36000259,16,0,-1.5105,-0.0589968534331609,381.582,0
"44",360,36000074,16,0,-2.8458,-1.34103541597882,347.7994,1
"45",360,36000340,16,0,0.877,2.23327235054929,474.214,0
"46",360,36000167,16,1,-0.5902,0.824594915540681,316.7717,0
"47",360,36000325,16,1,-1.5485,-0.0954811381457612,417.8883,0
"48",360,36000043,16,1,-0.9488,0.480298481384406,349.5309,0
"49",360,36000150,16,1,-2.2999,-0.816909862699651,286.6318,1
"50",360,36000095,16,0,-1.81,-0.346550623733787,429.3499,1
"51",360,36000382,16,0,-2.5,-1.00902842509416,388.2496,0
"52",360,36000050,16,1,-1.4675,-0.017712004942587,328.2239,1
"53",360,36000006,16,0,-0.3749,1.03130719182023,382.8955,0
"54",360,36000134,16,0,-2.4941,-1.00336375983615,351.0662,0
"55",360,36000184,16,1,-1.8956,-0.428736275612696,354.4212,0
"56",360,36000344,16,0,-3.9067,-2.35961903838928,312.3428,0
"57",360,36000259,16,0,-2.2387,-0.758150962057253,285.2541,0
"58",360,36000294,1,0,-2.5822,-1.08794969360405,364.1357,0
"59",360,36000150,16,1,-1.9981,-0.527147833061158,373.1258,0
"60",360,36000179,16,0,-1.3041,0.139170419321594,368.1128,1
"61",360,36000294,16,0,-3.0068,-1.49561356962957,420.6842,0
"62",360,36000095,16,1,-2.847,-1.34218755128553,287.2968,0
"63",360,36000134,16,0,-2.9069,-1.39969830534566,364.5828,1
"64",360,36000382,16,1,-0.8292,0.595127966953537,354.4736,0
"65",360,36000065,16,0,-0.1189,1.27709605725248,348.8493,0
"66",360,36000099,16,0,-0.1869,1.21180838987204,464.6128,1
"67",360,36000099,16,1,-1.1945,0.244398777334778,447.0143,0
"68",360,36000344,16,0,-1.0452,0.387743611745073,305.9697,0
"69",360,36000215,16,0,-2.8922,-1.38558464783842,324.2652,0
"70",360,36000134,16,0,-2.4646,-0.975040433546105,374.6778,0
"71",360,36000195,16,0,-0.8534,0.571893238268145,374.8616,0
"72",360,36000030,16,0,-1.8095,-0.346070567355989,394.9587,0
"73",360,36000127,16,1,-0.7197,0.700260313691162,292.9999,0
"74",360,36000294,16,0,-2.8211,-1.31732063091563,326.9714,0
"75",360,36000099,16,0,-1.122,0.314006952115397,414.2771,0
"76",360,36000263,16,1,-1.2435,0.197353252310635,462.125,0
"77",360,36000034,16,1,-1.9954,-0.524555528621052,343.5419,1
"78",360,36000328,16,0,-2.4175,-0.929819122757593,285.7198,1
"79",360,36000095,16,1,-2.221,-0.741156966283226,356.9003,0
"80",360,36000341,16,0,-0.0881,1.3066675301248,357.3456,0
"81",360,36000179,16,1,-2.2186,-0.738852695669798,355.8202,0
"82",360,36000020,16,1,-0.3033,1.10005126512081,437.8767,0
"83",360,36000294,5,0,-3.2434,-1.72277624760329,426.4123,0
"84",360,36000313,16,0,-1.4192,0.028661441152639,408.477,0
"85",360,36000263,16,0,-1.3789,0.0673539852031072,473.8948,1
"86",360,36000150,16,1,-1.3378,0.106814619458051,356.3626,0
"87",360,36000305,16,1,-2.2879,-0.805388509632514,372.7182,1
"88",360,36000313,16,0,-2.6742,-1.17628006711876,484.2279,1
"89",360,36000030,16,1,-1.9736,-0.503625070549086,371.2343,0
"90",360,36000030,16,1,-0.1867,1.21200041242316,516.4419,1
"91",360,36000099,16,1,-0.5571,0.856374647750867,310.7789,0
"92",360,36000294,16,1,-2.9478,-1.43896691704948,386.6039,0
"93",360,36000340,16,0,-0.1146,1.28122454210154,469.277,0
"94",360,36000184,16,1,-2.7534,-1.25232099736187,356.642,0
"95",360,36000099,16,1,-0.7376,0.683074295366016,351.2327,0
"96",360,36000195,16,0,-0.7621,0.659551532853945,408.4445,1
"97",360,36000341,16,1,-0.2023,1.19702265343588,462.1068,1
"98",360,36000179,16,0,-0.3219,1.08219316786675,348.3853,0
"99",360,36000006,16,0,-2.0412,-0.568528692827291,344.3852,0
"100",360,36000134,16,1,-0.6918,0.727047459572255,395.9928,1
"101",360,36000263,16,1,-2.071,-0.597140052944015,363.6562,0
"102",360,36000259,16,1,-1.6137,-0.158080489810538,355.9785,1
"103",360,36000305,16,0,-1.8249,-0.360856303792148,376.6911,1
"104",360,36000331,16,1,-0.1667,1.23120266753505,421.3911,0
"105",360,36000305,16,0,-0.3675,1.03841202621163,392.865,0
"106",360,36000150,16,0,-2.0083,-0.536940983168224,375.9016,1
"107",360,36000264,16,0,-2.5769,-1.08286109599939,322.3817,0
"108",360,36000150,16,1,-1.6323,-0.175938587064601,371.401,1
"109",360,36000034,16,1,-1.1167,0.319095549720049,413.5962,0
"110",360,36000382,16,1,-0.6453,0.771692702707411,378.6915,0
"111",360,36000341,16,0,-0.0722,1.32193332293876,484.0274,1
"112",360,36000074,16,1,-2.6115,-1.11608099734297,400.5967,0
"113",360,36000346,16,1,-1.2412,0.199561511648503,298.4565,0
"114",360,36000331,16,1,-1.6378,-0.181219207220372,401.4079,0
"115",360,36000263,16,0,-2.3246,-0.840624647762841,464.787,0
"116",360,36000334,16,0,-2.0322,-0.559887678026938,388.1769,0
"117",360,36000074,16,1,-2.6237,-1.12779437296123,348.856,0
"118",360,36000305,16,0,-1.6572,-0.19984539467891,334.7224,0
"119",360,36000074,16,0,-1.9367,-0.46819690986764,306.5508,0
"120",360,36000030,16,0,-0.5217,0.890362639298921,461.5227,1
"121",360,36000334,16,0,-0.2148,1.18502124399095,515.6206,0
"122",360,36000065,16,0,0.1021,1.48928097623892,355.9046,0
"123",360,36000038,16,1,-1.7486,-0.287599700540269,310.8585,0
"124",360,36000340,16,0,-1.0051,0.426244133244422,514.0821,1
"125",360,36000134,16,0,-2.695,-1.19625041243513,443.7067,0
"126",360,36000294,16,1,-3.1627,-1.6452951482268,352.7204,1
"127",360,36000314,16,0,-2.4504,-0.96140683241666,398.5139,0
"128",360,36000095,16,1,-2.1851,-0.706688918357374,302.3009,1
"129",360,36000184,16,0,-1.92,-0.452163026849208,356.3574,0
"130",360,36000030,16,0,-2.0583,-0.584946620947961,327.2878,0
"131",360,36000314,16,1,-1.2834,0.159044753362405,517.3197,1
"132",360,36000259,16,1,-0.6289,0.787438551899164,308.0029,0
"133",360,36000325,16,0,-2.6998,-1.20085895366199,430.6914,1
"134",360,36000334,16,0,-1.673,-0.215015176217307,442.4885,0
"135",360,36000382,16,1,-0.4189,0.98906223057406,462.8432,0
"136",360,36000167,16,1,-0.7556,0.66579226576531,420.1086,1
"137",360,36000305,16,1,-0.8448,0.580150207966259,329.6425,0
"138",360,36000382,16,0,-1.6677,-0.209926578612655,385.0809,0
"139",360,36000314,16,0,-1.6741,-0.216071300248461,418.844,0
"140",360,36000334,16,0,-1.0323,0.400129066292245,441.3661,1
"141",360,36000167,16,0,-1.3364,0.108158777315884,418.2526,1
"142",360,36000331,16,1,-1.1904,0.248335239632716,331.398,0
"143",360,36000195,16,1,0.4603,1.83319336529296,384.8174,0
"144",360,36000341,16,0,-0.0231,1.36907485923846,415.6008,0
"145",360,36000065,16,0,-1.8877,-0.421151384843498,314.1623,0
"146",360,36000382,16,1,-1.5339,-0.081463491914078,391.3898,0
"147",360,36000313,16,1,-1.4664,-0.0166558809114327,348.5729,1
"148",360,36000099,16,1,-0.8065,0.616922526505538,405.8114,0
"149",360,36000099,16,1,-0.2638,1.1379757189668,477.6909,1
"150",360,36000167,16,0,-1.3457,0.0992297286888528,406.9664,0
"151",360,36000264,16,0,-0.2718,1.13029481692205,339.5854,0
"152",360,36000167,16,1,-0.8245,0.599640496904833,421.473,1
"153",360,36000344,16,0,-2.3247,-0.840720659038401,357.6167,0
"154",360,36000167,16,0,-0.9053,0.522063386252777,350.1904,0
"155",360,36000294,16,0,-2.7687,-1.26701072252247,375.0192,0
"156",360,36000259,16,1,-1.0034,0.427876324928933,386.9435,0
"157",360,36000074,16,0,-3.2867,-1.76434912992054,341.0236,1
"158",360,36000305,16,1,0.2159,1.5985418078256,313.1071,1
"159",360,36000305,16,0,-1.6903,-0.231625126889096,336.8049,0
"160",360,36000134,16,1,0.2112,1.59402927787431,358.5912,1
"161",360,36000034,16,0,-1.9119,-0.444386113528891,360.1692,0
"162",360,36000333,16,1,-1.6948,-0.235945634289272,256.6201,0
"163",360,36000063,16,1,-4.0894,-2.53503163883644,354.3636,1
"164",360,36000263,16,0,-0.1162,1.27968836169259,444.0523,1
"165",360,36000331,16,0,-1.9428,-0.474053597676768,302.393,0
"166",360,36000264,16,1,-1.3979,0.0491118428468072,307.618,0
"167",360,36000340,16,1,-0.0997,1.2955302221599,524.8461,1
"168",360,36000325,16,1,-0.7034,0.715910151607356,411.0548,0
"169",360,36000167,16,0,-1.0036,0.427684302377814,401.2964,1
"170",360,36000344,16,0,-3.381,-1.85488776277313,319.7963,1
"171",360,36000334,16,0,-1.9205,-0.452643083227006,384.7248,0
"172",360,36000050,16,0,-0.4112,0.99645509879214,232.4109,0
"173",360,36000134,16,1,-1.9167,-0.448994654755746,457.1994,0
"174",360,36000313,16,1,-2.8954,-1.38865700865632,374.1491,0
"175",360,36000305,16,1,-1.2274,0.212811067675711,347.4552,1
"176",360,36000074,16,0,-2.9768,-1.46681018696173,404.4536,1
"177",360,36000184,16,0,-2.1573,-0.679997783751841,325.1312,0
"178",360,36000095,16,1,-1.8535,-0.388315528602158,368.9109,0
"179",360,36000034,16,1,-1.1946,0.244302766059218,346.6301,0
"180",360,36000020,16,1,-1.7562,-0.294896557482789,391.8244,0
"181",360,36000065,16,0,-1.5222,-0.0702301726736195,350.4115,0
"182",360,36000263,16,0,-0.6494,0.767756240409472,439.4543,1
"183",360,36000382,16,0,-3.143,-1.62638092694158,442.5996,0
"184",360,36000314,16,0,-1.0138,0.417891152270748,323.8324,0
"185",360,36000095,16,1,-2.2982,-0.81527767101514,357.3974,1
"186",360,36000124,16,1,-1.3437,0.101149954200042,293.4609,1
"187",360,36000063,16,1,-3.6814,-2.14330563455379,340.915,0
"188",360,36000346,16,1,-2.1806,-0.702368410957198,296.0818,0
"189",360,36000294,16,1,-1.1506,0.286547727305387,339.4676,0
"190",360,36000382,16,1,-0.664,0.753738594177789,392.0661,0
"191",360,36000331,16,1,-0.9247,0.503437198794239,343.429,1
"192",360,36000294,16,1,-0.15,1.24723655055349,435.05,0
"193",360,36000179,16,0,-1.7619,-0.300369200189679,376.9726,0
"194",360,36000043,16,1,-0.9215,0.506509559612143,317.4759,0
"195",360,36000034,16,1,-1.747,-0.286063520131318,353.6988,0
"196",360,36000124,16,0,-2.0941,-0.619318657598253,309.9343,0
"197",360,36000150,16,1,-1.8409,-0.376218107881664,303.6711,0
"198",360,36000030,16,0,-2.9376,-1.42917376694242,360.4083,0
"199",360,36000020,16,0,-0.7086,0.710917565278263,330.5228,0
"200",360,36000264,16,1,-2.3091,-0.825742900051123,309.5445,0
"201",360,36000050,16,0,-1.1063,0.329080722378234,346.935,0
"202",360,36000264,16,0,-2.397,-0.9101368112679,331.8209,0
"203",360,36000167,16,0,-1.87,-0.404157389069471,373.1152,1
"204",360,36000065,16,0,-0.2962,1.10686806568554,370.1781,0
"205",360,36000006,16,1,-1.7897,-0.327060334795213,386.977,1
"206",360,36000150,16,0,0.5592,1.92814851682128,420.1215,1
"207",360,36000195,16,1,-0.18,1.21843316788564,443.0492,1
"208",360,36000034,16,0,-2.3135,-0.829967396175739,361.9125,0
"209",360,36000334,16,0,-1.6647,-0.20704624034587,335.5798,0
"210",360,36000020,16,0,-1.3415,0.103262202262351,374.7008,0
"211",360,36000331,16,1,-1.902,-0.434880997248503,358.202,0
"212",360,36000006,16,1,-1.2604,0.181127346741084,421.6808,1
"213",360,36000050,16,1,-1.5339,-0.081463491914078,287.3861,0
"214",360,36000331,16,1,-1.4882,-0.0375863389833982,423.3632,1
"215",360,36000099,16,0,-0.3185,1.08545755123577,455.4469,1
"216",360,36000259,16,0,-2.1878,-0.709281222797481,320.6923,0
"217",360,36000065,13,0,-2.024,-0.552014753431061,379.9787,0
"218",360,36000259,16,0,-1.8975,-0.430560489848326,442.3631,1
"219",360,36000034,16,0,-1.0123,0.41933132140414,280.7508,0
"220",360,36000294,16,1,-1.7902,-0.327540391173011,382.6401,0
"221",360,36000195,16,0,-0.981,0.449382850654255,366.2081,0
"222",360,36000099,16,0,0.1626,1.5473677979524,561.279,0
"223",360,36000150,16,0,-1.3848,0.0616893199450982,359.6103,1
"224",360,36000099,16,0,-2.2687,-0.786954344725095,402.0913,1
"225",360,36000294,16,0,-2.0645,-0.590899320032648,316.5107,0
"226",360,36000134,16,0,-2.6271,-1.13105875633025,372.1975,0
"227",360,36000314,16,0,-0.3948,1.01220094798389,347.5308,1
"228",360,36000331,16,0,-0.8782,0.548082441929395,446.8642,1
"229",360,36000331,16,1,-1.6147,-0.159040602566133,473.3236,1
"230",360,36000313,16,0,-1.6789,-0.220679841475316,337.5458,0
"231",360,36000179,16,1,-0.6199,0.796079566699517,366.6034,0
"232",360,36000263,16,1,-1.7866,-0.324083985252869,462.3918,0
"233",360,36000150,16,0,0.1992,1.58250792480717,498.3241,0
"234",360,36000195,16,1,1.2047,2.54790130055768,377.3371,0
"235",360,36000341,16,0,0.5004,1.87169388679231,438.3908,0
"236",360,36000006,16,1,-1.4894,-0.0387384742901119,332.9677,1
"237",360,36000157,16,1,-0.6002,0.814993787984734,311.2434,0
"238",360,36000134,16,0,-2.0391,-0.566512456040542,330.7137,0
"239",360,36000030,16,0,-1.0895,0.345210616672226,442.5888,1
"240",360,36000264,16,1,-2.3319,-0.847633470878683,403.2813,0
"241",360,36000305,16,1,-0.6959,0.723110997274317,287.4158,0
"242",360,36000184,16,1,-3.2892,-1.76674941180953,389.4902,0
"243",360,36000305,16,1,-2.2397,-0.759111074812847,278.7841,0
"244",360,36000215,16,0,-0.817,0.606841342571793,271.8029,0
"245",360,36000030,16,1,-1.5608,-0.107290525039576,443.7904,1
"246",360,36000179,16,0,-1.3204,0.1235205814054,368.8027,0
"247",360,36000124,16,0,-1.2683,0.173542455971886,321.4338,0
"248",360,36000346,16,0,-1.5339,-0.081463491914078,319.2036,0
"249",360,36000020,16,0,-1.378,0.0682180866831426,390.0828,1
"250",360,36000195,16,1,-0.5936,0.821330532171659,409.8139,0
"251",360,36000134,16,0,-1.5893,-0.134653738574027,383.8848,1
"252",360,36000050,16,1,-2.0124,-0.540877445466162,295.1261,0
"253",360,36000331,16,1,-0.6528,0.76449185704045,395.6825,1
"254",360,36000195,16,1,0.3541,1.7312293906488,467.2586,1
"255",360,36000124,16,1,-0.7801,0.642269503253239,282.7354,0
"256",360,36000157,16,0,-2.6601,-1.16274247726488,299.3596,0
"257",360,36000006,16,0,-1.8991,-0.432096670257278,357.1243,0
"258",360,36000006,16,1,-0.7933,0.629596014879389,451.7149,0
"259",360,36000065,16,0,0.3447,1.72220433074621,369.1835,1
"260",360,36000034,16,1,-2.4923,-1.00163555687608,389.666,0
"261",360,36000340,16,0,-0.7979,0.625179496203653,580.6997,1
"262",360,36000074,16,1,-2.1717,-0.693823407432405,393.8587,0
"263",360,36000325,16,0,-0.007,1.38453267460354,434.2089,0
"264",360,36000150,16,0,0.2182,1.60075006716347,418.3159,0
"265",360,36000065,16,0,-0.5879,0.826803174878549,367.5659,0
"266",360,36000127,16,1,-1.9186,-0.450818868991376,338.2757,1
"267",360,36000328,16,0,-1.7076,-0.248235077560885,307.686,0
"268",360,36000314,16,0,-1.5046,-0.0533321881751519,453.3512,1
"269",360,36000134,16,0,-1.7515,-0.290384027531494,364.2064,0
"270",360,36000305,16,1,-0.2141,1.18569332291986,345.8278,0
"271",360,36000184,16,1,-2.3212,-0.837360264393819,379.5997,0
"272",360,36000346,16,0,-1.6293,-0.173058248797816,339.0905,1
"273",360,36000034,16,1,-2.333,-0.848689594909837,266.2785,0
"274",360,36000314,16,0,-2.1276,-0.651482434910677,392.1892,1
"275",360,36000333,16,1,-0.4298,0.978597001538078,309.925,1
"276",360,36000294,16,1,-2.5607,-1.06730726935876,425.2736,0
"277",360,36000179,16,0,-1.7484,-0.28740767798915,391.0286,0
"278",360,36000382,16,0,-1.2177,0.22212416140498,329.8167,0
"279",360,36000065,16,0,-1.8393,-0.374681927472712,319.6231,1
"280",360,36000030,16,1,-1.7577,-0.296336726616181,505.8764,1
"281",360,36000382,16,0,-0.6557,0.761707530049225,381.0307,0
"282",360,36000264,16,1,-1.4824,-0.0320176850009486,379.6149,1
"283",360,36000340,16,0,-0.0234,1.36878682541178,469.8361,0
"284",360,36000134,16,1,-1.6691,-0.211270736470487,388.2449,0
"285",360,36000334,16,0,-2.1557,-0.678461603342889,390.1262,0
"286",360,36000264,16,0,-0.7755,0.646686021928975,310.1876,0
"287",360,36000264,16,0,-0.7848,0.637756973301944,286.3376,1
"288",360,36000263,16,0,-1.5635,-0.109882829479682,495.0229,1
"289",360,36000215,16,1,-2.9298,-1.42168488744878,350.4627,0
"290",360,36000034,16,0,-2.0604,-0.58696285773471,361.842,0
"291",360,36000341,16,0,-1.1257,0.310454534919696,402.3297,1
"292",360,36000344,16,0,-2.1778,-0.699680095241533,298.332,0
"293",360,36000334,16,0,-1.0366,0.396000581443188,432.9239,1
"294",360,36000314,16,1,-1.0977,0.337337692076349,343.8735,0
"295",360,36000020,16,1,-1.8335,-0.369113273490263,379.7785,0
"296",360,36000167,16,0,-1.3038,0.139458453148272,396.4112,1
"297",360,36000340,16,0,-0.9393,0.489419552562556,526.2961,1
"298",360,36000124,16,1,-1.1097,0.325816339009212,307.3389,1
"299",360,36000344,16,0,-2.9648,-1.4552888338946,274.3264,0
"300",360,36000006,16,0,-2.0246,-0.552590821084418,394.3298,0
"301",360,36000074,16,1,-2.8157,-1.31213602203542,363.3675,0
"302",360,36000340,16,1,0.0959,1.48332827715423,535.3706,1
"303",360,36000065,16,0,0.6667,2.03136063804771,343.8112,0
"304",360,36000184,16,1,-2.8243,-1.32039299173353,309.5449,0
"305",360,36000127,16,0,-2.608,-1.11272060269839,318.9774,0
"306",360,36000263,16,0,-2.2591,-0.777737262271386,508.7345,1
"307",360,36000195,16,1,0.0528,1.4419474173881,494.9956,0
"308",360,36000344,16,0,-2.032,-0.559695655475819,312.9079,0
"309",360,36000341,16,0,-0.1879,1.21084827711645,449.1604,1
"310",360,36000099,16,1,-0.1049,1.29053763583081,496.575,0
"311",360,36000020,16,1,0.4036,1.77875497205074,338.426,1
"312",360,36000167,16,1,-1.5339,-0.081463491914078,430.1771,0
"313",360,36000167,17,0,-1.794,-0.331188819644271,443.0338,0
"314",360,36000263,16,0,-1.2033,0.235949785085544,497.5608,1
"315",360,36000150,16,0,-2.2749,-0.792907043809783,396.7296,1
"316",360,36000305,16,0,-1.4339,0.0145477836453964,385.747,1
"317",360,36000043,16,0,-2.507,-1.01574921438332,326.6908,1
"318",360,36000305,16,0,-1.6356,-0.179106959158063,363.3616,0
"319",360,36000167,16,0,0.5029,1.87409416868129,439.2024,1
"320",360,36000065,16,0,0.5377,1.90750609257599,470.3323,1
"321",360,36000167,16,1,-1.6653,-0.207622307999227,439.2074,1
"322",360,36000074,16,1,-1.5524,-0.0992255778925807,332.3565,0
"323",360,36000263,16,1,-1.2671,0.1746945912786,479.7096,0
"324",360,36000065,16,0,-1.3613,0.0842519697015747,431.6613,0
"325",360,36000325,16,0,-3.1264,-1.61044305519871,407.2632,0
"326",360,36000340,16,0,-0.6569,0.760555394742512,509.8936,1
"327",360,36000294,16,0,-2.7693,-1.26758679017582,338.1533,1
"328",360,36000314,16,0,-1.5423,-0.0895284390610738,454.6046,1
"329",360,36000325,16,0,-1.5286,-0.0763748943094258,406.2831,0
"330",360,36000099,16,0,0.6191,1.9856592708814,455.8831,0
"331",360,36000382,16,1,-1.7915,-0.328788537755284,368.9473,0
"332",360,36000020,16,1,-0.8494,0.575733689290523,345.2326,0
"333",360,36000150,16,0,-1.6244,-0.168353696295402,400.9257,0
"334",360,36000099,16,1,-0.6765,0.741737184732855,404.1443,1
"335",360,36000184,16,0,-1.7431,-0.282319080384498,312.1001,1
"336",360,36000346,16,0,-1.5339,-0.081463491914078,353.2479,0
"337",360,36000184,16,1,-3.2931,-1.77049385155635,284.9935,0
"338",360,36000074,16,0,-2.2838,-0.801452047334576,320.7993,0
"339",360,36000095,16,1,-1.5552,-0.101913893608246,307.7699,1
"340",360,36000099,16,1,-0.9762,0.45399139188111,481.4585,0
"341",360,36000382,16,1,-2.4687,-0.978976895844044,367.8996,0
"342",360,36000195,16,1,-1.5367,-0.0841518076297432,353.0989,1
"343",360,36000331,16,0,-1.1159,0.319863639924525,331.6273,0
"344",360,36000331,16,0,0.2123,1.59508540190546,355.8818,0
"345",360,36000313,16,0,-1.6698,-0.211942815399403,359.5737,0
"346",360,36000134,16,0,-2.2074,-0.728099432807137,261.6037,0
"347",360,36000184,16,0,-2.1858,-0.707360997286291,341.6298,0
"348",360,36000020,16,1,-1.3921,0.0546804968292567,400.7496,0
"349",360,36000020,16,1,-0.6337,0.78283001067231,331.594,0
"350",360,36000346,16,0,-1.7839,-0.321491680812764,287.449,0
"351",360,36000074,16,0,-2.0687,-0.594931793606147,365.3819,0
"352",360,36000020,16,0,-1.2851,0.157412561677894,399.1774,1
"353",360,36000346,16,0,-3.0214,-1.50963121586126,270.2232,0
"354",360,36000006,16,0,-0.0587,1.33489484513929,356.8576,0
"355",360,36000034,16,1,-1.8265,-0.3623924842011,323.4607,0
"356",360,36000134,16,0,-1.9313,-0.463012300987429,374.7842,0
"357",360,36000020,16,1,-0.962,0.467624993010556,317.9545,0
"358",360,36000063,16,0,-1.84,-0.375354006401629,287.2961,1
"359",360,36000264,16,0,-1.4006,0.0465195384067012,318.7655,0
"360",360,36000313,16,0,-2.4755,-0.985505662582088,391.2702,0
"361",360,36000264,16,0,-1.6579,-0.200517473607826,378.5629,0
"362",360,36000150,16,1,-3.3582,-1.83299719194557,300.9514,0
"363",360,36000006,16,1,-2.5547,-1.06154659282519,417.1497,1
"364",360,36000074,16,0,-2.5509,-1.05789816435393,344.9983,0
"365",360,36000328,16,0,-1.1412,0.295572787207978,270.3985,0
"366",360,36000264,16,1,-1.0019,0.429316494062325,353.6869,0
"367",360,36000167,16,1,-1.5814,-0.127068847804828,508.8914,0
"368",360,36000074,16,1,-1.6873,-0.228744788622312,415.562,0
"369",360,36000095,16,1,-1.867,-0.401277050802687,357.4868,0
"370",360,36000065,16,0,-0.6054,0.810001201655641,367.9981,0
"371",360,36000179,16,0,-0.7605,0.661087713262896,282.4201,1
"372",360,36000184,16,1,-1.9117,-0.444194090977772,334.7585,1
"373",360,36000167,16,1,-0.2072,1.19231810093347,427.2122,1
"374",360,36000124,16,1,-2.1317,-0.655418897208615,290.8358,0
"375",360,36000034,16,1,-2.393,-0.906296360245521,348.3173,1
"376",360,36000344,16,1,-0.574,0.840148742181316,275.1174,0
"377",360,36000134,16,1,-2.4329,-0.944604859193752,403.3433,0
"378",360,36000305,16,1,-1.4985,-0.047475500366024,276.2138,1
"379",360,36000264,16,0,-1.4257,0.0224207082412733,305.387,0
"380",360,36000030,16,0,-0.9796,0.450727008512088,359.9527,0
"381",360,36000313,16,1,-0.9858,0.444774309427401,331.1526,1
"382",360,36000314,16,0,-1.0036,0.427684302377814,328.705,0
"383",360,36000294,16,0,-1.319,0.124864739263232,329.5259,0
"384",360,36000030,16,1,-1.3622,0.0833878682215393,447.186,1
"385",360,36000316,16,0,0.2853,1.66517363306388,399.2472,1
"386",360,36000325,16,0,-1.6562,-0.198885281923315,487.0565,1
"387",360,36000030,16,0,0.4125,1.78729997557553,397.5985,0
"388",360,36000167,16,0,-1.9469,-0.477990059974707,275.5062,0
"389",360,36000382,16,1,-1.2087,0.230765176205332,356.7259,1
"390",360,36000006,16,1,-1.8997,-0.432672737910635,314.249,1
"391",360,36000333,16,0,-1.8923,-0.425567903519234,328.3047,0
"392",360,36000263,16,0,-1.2384,0.202249827364169,432.3215,1
"393",360,36000065,16,0,-0.2062,1.19327821368906,374.322,0
"394",360,36000030,16,1,-0.1828,1.21574485216998,632.9237,1
"395",360,36000259,16,1,-0.499,0.912157198850922,319.7863,0
"396",360,36000184,16,1,-1.9121,-0.44457813608001,290.4606,0
"397",360,36000340,16,1,-0.2524,1.14892100438059,512.024,0
"398",360,36000020,16,0,-1.6001,-0.14502295633445,342.2117,0
"399",360,36000263,16,1,-1.4492,-0.00014194151520326,523.3503,1
"400",360,36000264,16,0,-0.8799,0.546450250244884,411.9274,1
"401",360,36000340,16,0,-0.8657,0.560083851374329,466.7499,1
"402",360,36000314,16,0,-2.3913,-0.904664168561011,431.2987,0
"403",360,36000382,16,0,-1.2155,0.224236409467288,426.421,1
"404",360,36000167,16,1,-0.7403,0.68048199092591,336.8036,0
"405",360,36000334,16,1,-2.6245,-1.1285624631657,313.7714,0
"406",360,36000334,16,0,0.483,1.85498792484496,472.6864,1
"407",360,36000134,16,1,-2.4697,-0.979937008599638,343.4806,0
"408",360,36000184,16,1,-2.9497,-1.44079113128511,392.1031,0
"409",360,36000341,16,1,-0.0191,1.37291531026084,489.6483,0
"410",360,36000020,16,0,-0.3829,1.02362628977547,263.2739,0
"411",360,36000195,16,1,0.6147,1.98143477475679,424.3534,0
"412",360,36000259,16,1,-2.5424,-1.04973720593138,348.8793,0
"413",360,36000263,16,0,-1.3988,0.0482477413667718,424.6516,0
"414",360,36000167,16,0,-0.559,0.854550433515237,355.3545,0
"415",360,36000294,16,0,-2.2063,-0.727043308775983,303.0137,0
"416",360,36000179,16,1,-0.9343,0.49422011634053,443.0152,1
"417",360,36000063,16,1,-0.8977,0.529360243195297,299.1963,1
"418",360,36000262,16,1,-3.2144,-1.69493297769104,304.9829,0
"419",360,36000020,16,1,0.0486,1.4379149438146,348.3238,1
"420",360,36000065,16,0,-0.1447,1.25232514815814,307.1533,0
"421",360,36000325,16,0,-1.8709,-0.405021490549506,433.2248,1
"422",360,36000263,16,1,-0.4013,1.00596021507253,418.2574,0
"423",360,36000195,16,1,-0.6597,0.757867079026846,355.0405,0
"424",360,36000294,16,1,-2.6441,-1.14738067317536,356.024,0
"425",360,36000195,16,0,-1.097,0.338009771005265,408.5723,0
"426",360,36000095,16,0,-2.9838,-1.4735309762509,345.0726,0
"427",360,36000341,16,0,-1.1609,0.276658565922761,384.3095,1
"428",360,36000065,16,0,-0.3627,1.04302056743848,335.7873,1
"429",360,36000334,16,1,-2.0006,-0.529548114950144,383.5006,0
"430",360,36000134,16,0,-1.624,-0.167969651193164,363.6239,0
"431",360,36000184,16,0,-1.3924,0.0543924630025781,322.131,0
"432",360,36000074,16,0,-1.8846,-0.418175035301154,388.139,1
"433",360,36000063,16,0,-1.0217,0.410306261501549,314.5213,0
"434",360,36000099,16,0,0.2957,1.67515880572206,418.6427,0
"435",360,36000346,16,0,-2.2802,-0.797995641414434,284.723,0
"436",360,36000346,16,0,-0.9273,0.500940905629693,302.7254,0
"437",360,36000099,16,1,-1.0316,0.400801145221161,404.8791,1
"438",360,36000382,16,1,-1.9688,-0.499016529322232,375.543,1
"439",360,36000006,16,1,-1.7435,-0.282703125486736,430.8615,1
"440",360,36000264,16,1,0.2983,1.67765509888661,356.2822,0
"441",360,36000095,16,1,-1.5339,-0.081463491914078,393.8805,0
"442",360,36000344,16,0,-2.5399,-1.04733692404239,265.6029,1
"443",360,36000134,16,0,-1.9186,-0.450818868991376,379.7557,0
"444",360,36000344,16,0,-2.3887,-0.902167875396464,340.0833,0
"445",360,36000314,16,0,-2.2264,-0.746341575163437,373.2043,0
"446",360,36000215,16,1,-0.5277,0.884601962765352,291.5656,0
"447",360,36000099,16,0,-0.4694,0.940576536416526,410.8796,1
"448",360,36000150,16,1,-2.0684,-0.594643759779468,326.883,0
"449",360,36000095,16,1,-3.2719,-1.75013946113774,324.9415,0
"450",360,36000313,16,0,-2.3433,-0.858578756292463,353.8725,0
"451",360,36000215,16,1,-1.0447,0.38822366812287,296.8981,0
"452",360,36000184,16,1,-1.3806,0.0657217935185961,339.9944,0
"453",360,36000099,16,1,-1.2232,0.216843541249209,542.1009,0
"454",360,36000195,16,0,0.5761,1.94437442239083,470.2313,1
"455",360,36000099,16,1,-1.4432,0.0056187350183652,481.8497,0
"456",360,36000074,16,1,-2.5333,-1.04100017985546,327.304,0
"457",360,36000262,16,0,-2.0266,-0.554511046595608,290.9012,0
"458",360,36000341,16,1,-1.3399,0.104798382671302,320.2298,0
"459",360,36000294,17,0,-1.441,0.00773098308067361,329.6185,0
"460",360,36000063,16,1,0.098,1.48534451394098,356.6153,0
"461",360,36000179,16,1,-2.7788,-1.27670786135397,427.3879,1
"462",360,36000264,16,1,-0.9796,0.450727008512088,314.9598,0
"463",360,36000314,16,1,-1.4513,-0.00215817830195222,407.0313,0
"464",360,36000050,16,1,-1.5617,-0.108154626519612,313.8634,1
"465",360,36000195,16,0,0.8004,2.15972771347073,352.7081,0
"466",360,36000134,16,0,-1.5802,-0.125916712498115,347.2853,0
"467",360,36000313,16,0,-3.1881,-1.6696820122189,313.4563,0
"468",360,36000340,16,1,-0.1389,1.25789380214059,468.2008,1
"469",360,36000313,16,1,-1.3377,0.106910630733611,399.5547,0
"470",360,36000195,16,1,-1.3632,0.0824277554659447,416.936,0
"471",360,36000314,16,1,-0.9835,0.446982568765268,369.4065,0
"472",360,36000179,16,0,-2.3813,-0.895063041005063,353.9246,1
"473",360,36000167,16,0,-2.489,-0.998467184782617,431.421,0
"474",360,36000333,16,1,-2.2261,-0.746053541336759,290.2665,0
"475",360,36000341,16,1,0.0466,1.43599471830341,463.6041,1
"476",360,36000050,17,1,-1.8096,-0.346166578631549,287.1074,0
"477",360,36000134,16,0,-1.9593,-0.489895458144082,388.3277,0
"478",360,36000264,16,0,-1.7759,-0.313810778768006,309.848,0
"479",360,36000313,16,0,-2.1719,-0.694015429983524,404.866,0
"480",360,36000095,16,1,-0.8493,0.575829700566083,421.5651,1
"481",360,36000074,16,1,-3.3653,-1.83981399251029,363.3472,0
"482",360,36000184,16,1,-2.346,-0.861171060732569,334.3222,0
"483",360,36000167,16,0,-1.4207,0.0272212720192469,388.0269,1
"484",360,36000020,16,1,-1.8845,-0.418079024025595,381.7544,0
"485",360,36000334,16,0,-1.6854,-0.226920574386682,369.9914,1
"486",360,36000030,16,0,-1.104,0.331288981716102,447.0783,1
"487",360,36000034,16,1,-3.6958,-2.15713125823435,379.1233,0
"488",360,36000184,16,1,-2.0512,-0.578129820383239,287.7744,0
"489",360,36000124,16,1,-1.8209,-0.357015852769769,339.9056,0
"490",360,36000382,16,1,0.9931,2.34474144147384,472.5567,0
"491",360,36000328,16,1,-0.192,1.20691181481851,422.3924,1
"492",360,36000095,16,0,-3.0632,-1.54976392904512,329.4171,0
"493",360,36000331,16,0,-1.3932,0.0536243727981024,377.6691,0
"494",360,36000341,16,1,-0.1495,1.24771660693128,396.3107,1
"495",360,36000095,16,0,-2.6742,-1.17628006711876,378.7594,0
"496",360,36000184,16,1,-1.5339,-0.081463491914078,358.9031,0
"497",360,36000264,16,1,-1.4905,-0.039794598321266,340.3509,0
"498",360,36000328,16,0,-2.6723,-1.17445585288313,293.6019,0
"499",360,36000179,16,1,-0.3699,1.0361077555982,357.2369,1
"500",360,36000124,16,1,-2.9476,-1.43877489449837,243.7707,0
"501",360,36000020,16,0,-0.0684,1.32558175141002,381.0689,1
"502",360,36000030,16,0,-2.4376,-0.949117389145047,356.0811,1
"503",360,36000124,16,0,-1.2383,0.202345838639728,307.8108,0
"504",360,36000344,16,0,-3.1901,-1.67160223773009,305.83,0
"505",360,36000346,16,1,-1.9,-0.432960771737313,343.8811,1
"506",360,36000124,16,1,-1.7918,-0.329076571581962,270.3454,1
"507",360,36000294,16,1,-2.9555,-1.44635978526756,420.2194,0
"508",360,36000344,16,0,-3.3492,-1.82435617714521,314.1419,0
"509",360,36000179,16,0,-0.0217,1.37041901709629,415.8857,1
"510",360,36000331,16,1,0.3017,1.68091948225563,474.4865,1
"511",360,36000263,16,0,-1.5116,-0.0600529774643152,354.335,0
"512",360,36000020,16,1,-0.3368,1.06788748780839,314.3153,0
"513",360,36000313,16,1,-1.9545,-0.485286916917227,358.3018,1
"514",360,36000065,16,0,-1.1188,0.3170793129333,427.245,0
"515",360,36000157,16,0,-3.4551,-1.9260321179627,370.4505,0
"516",360,36000259,16,0,-2.5336,-1.04128821368214,359.1015,0
"517",360,36000215,16,0,-2.8475,-1.34266760766333,436.8682,0
"518",360,36000263,16,0,-1.4433,0.00552272374280573,443.8139,0
"519",360,36000099,16,1,-1.3011,0.142050757588378,460.7186,0
"520",360,36000263,16,1,-0.1157,1.28016841807039,494.9098,1
"521",360,36000195,16,1,-0.6978,0.721286783038687,492.8835,0
"522",360,36000264,16,0,-1.4416,0.00715491542731683,334.0603,0
"523",360,36000050,16,1,-1.7195,-0.259660419352462,350.4736,1
"524",360,36000314,16,0,-0.9055,0.521871363701659,421.409,0
"525",360,36000179,16,1,-0.4326,0.975908685822412,365.823,0
"526",360,36000179,16,0,-1.9623,-0.492775796410866,351.4549,0
"527",360,36000305,16,0,-1.2458,0.195144992972767,291.6717,0
"528",360,36000314,16,0,-1.9726,-0.502664957793492,384.1569,1
"529",360,36000065,16,0,-0.7386,0.682114182610421,396.2679,0
"530",360,36000344,16,0,-3.0643,-1.55082005307627,311.6507,0
"531",360,36000179,16,1,-1.8704,-0.404541434171709,306.4184,0
"532",360,36000065,16,0,-0.8696,0.55633941162751,341.1689,0
"533",360,36000127,16,0,-3.8022,-2.25928725542963,305.8697,1
"534",360,36000334,16,0,-0.71,0.709573407420431,450.3555,0
"535",360,36000184,16,1,-1.764,-0.302385436976428,289.0886,0
"536",360,36000382,16,1,-1.2153,0.224428432018407,372.0622,0
"537",360,36000313,16,0,-2.6855,-1.18712934125698,416.3287,0
"538",360,36000325,16,0,-1.361,0.0845400035282531,350.4727,0
"539",360,36000313,16,0,-1.3311,0.113247374920536,324.5851,0
"540",360,36000099,16,0,-1.1678,0.270033787909157,426.6551,1
"541",360,36000325,16,0,-2.2842,-0.801836092436813,436.8754,1
"542",360,36000334,16,1,0.8315,2.18958722016973,421.8449,1
"543",360,36000263,16,0,-2.1242,-0.648218051541655,435.6374,0
"544",360,36000331,16,0,0.461,1.83386544422187,458.911,1
"545",360,36000259,16,1,-1.8846,-0.418175035301154,306.9468,0
"546",360,36000134,16,0,-1.5549,-0.101625859781568,411.3502,1
"547",360,36000006,16,1,-0.681,0.737416677332678,315.2735,0
"548",360,36000095,16,0,-1.894,-0.427200095203745,463.9288,1
"549",360,36000030,16,0,-0.4834,0.927134957838199,416.4127,1
"550",360,36000325,16,0,-1.5562,-0.102874006363841,472.6016,0
"551",360,36000195,16,1,-0.5713,0.842741046621422,421.274,0
"552",360,36000382,16,1,-1.1747,0.263409009895554,380.4026,0
"553",360,36000334,16,1,-2.0004,-0.529356092399025,343.2932,0
"554",360,36000134,16,0,-2.067,-0.593299601921636,302.2744,0
"555",360,36000179,16,1,-2.7925,-1.28986140610562,369.5924,1
"556",360,36000030,16,1,0.4133,1.78806806578001,547.9024,1
"557",360,36000006,16,1,-0.551,0.862231335559995,332.7609,1
"558",360,36000215,16,0,-0.892,0.534832885902187,309.3386,0
"559",360,36000346,16,0,-3.1491,-1.63223761475071,224.7079,0
"560",360,36000063,16,1,-2.438,-0.949501434247285,392.8268,0
"561",360,36000124,16,1,-2.7156,-1.21602873520039,288.5349,1
"562",360,36000333,16,1,-1.7619,-0.300369200189679,268.6355,0
"563",360,36000340,16,1,0.1888,1.57252275214899,476.5756,1
"564",360,36000259,16,1,-2.0138,-0.542221603323995,335.0307,0
"565",360,36000167,16,1,-2.3053,-0.822094471579862,390.1703,0
"566",360,36000341,16,0,0.4539,1.82704864365715,372.5602,1
"567",360,36000382,16,0,-0.9721,0.457927854179049,537.5376,1
"568",360,36000074,16,0,-1.8754,-0.409341997949683,394.8737,0
"569",360,36000325,16,0,-2.1261,-0.650042265777285,383.8626,0
"570",360,36000065,16,0,0.2097,1.59258910874092,272.3901,1
"571",360,36000150,16,1,-1.151,0.286163682203149,335.68,1
"572",360,36000050,16,0,-0.7127,0.706981102980325,266.1606,0
"573",360,36000340,16,0,-1.5867,-0.13215744540948,502.1293,1
"574",360,36000184,16,1,-3.8912,-2.34473729067756,292.2689,1
"575",360,36000314,16,0,-1.6724,-0.21443910856395,402.2168,0
"576",360,36000020,16,0,-0.6755,0.742697297488449,350.5184,0
"577",360,36000294,16,1,-2.8523,-1.34727614889019,334.9673,1
"578",360,36000074,16,1,-1.5439,-0.0910646194700254,341.3797,0
"579",360,36000124,16,1,-2.1875,-0.708993188970802,357.6303,1
"580",360,36000264,16,1,-2.0584,-0.58504263222352,308.3095,0
"581",360,36000050,16,1,-0.8937,0.533200694217676,336.4502,0
"582",360,36000344,16,1,-2.5761,-1.08209300579492,267.401,0
"583",360,36000095,16,1,-3.0153,-1.50377452805213,322.631,1
"584",360,36000325,16,0,-1.7801,-0.317843252341504,458.3358,1
"585",360,36000334,16,0,-1.7916,-0.328884549030843,485.6616,1
"586",360,36000150,16,0,-1.1888,0.249871420041668,340.9333,1
"587",360,36000382,16,0,-1.5281,-0.0758948379316284,410.3063,0
"588",360,36000167,16,1,-1.2004,0.238734112076769,323.9076,0
"589",360,36000334,16,0,-1.2041,0.235181694881068,402.8701,0
"590",360,36000099,16,1,-0.3528,1.05252568371887,409.0333,0
"591",360,36000325,16,0,-1.318,0.125824852018827,494.2362,1
"592",360,36000179,16,1,-1.566,-0.112283111368669,341.3834,0
"593",360,36000264,16,1,-1.5889,-0.134269693471789,350.7687,0
"594",360,36000150,16,1,-1.147,0.290004133225528,329.1754,0
"595",360,36000095,16,0,-2.3177,-0.833999869749237,358.9789,0
"596",360,36000331,16,1,-2.0554,-0.582162293956736,417.6674,1
"597",360,36000215,16,0,-1.943,-0.474245620227887,347.2997,0
"598",360,36000074,16,0,-3.5688,-2.03519693827382,337.5329,0
"599",360,36000074,16,0,-1.7519,-0.290768072633732,380.4055,0
"600",360,36000263,16,0,-1.8245,-0.36047225868991,443.8252,0
"601",360,36000167,16,1,-2.2423,-0.761607367977394,356.5059,0
"602",360,36000030,16,1,-1.8239,-0.359896191036553,328.6225,0
"603",360,36000134,16,0,-1.5542,-0.100953780852651,386.2836,1
"604",360,36000095,16,0,-2.8152,-1.31165596565762,347.2593,0
"605",360,36000325,16,1,0.0023,1.39346172323057,426.1237,1
"606",360,36000344,16,0,-2.478,-0.987905944471075,259.5595,0
"607",360,36000264,16,0,-2.3166,-0.832943745718083,370.0452,1
"608",360,36000099,16,0,-1.2652,0.176518805514229,400.0632,1
"609",360,36000313,16,0,-1.5985,-0.143486775925498,366.9351,1
"610",360,36000095,1,0,-2.9374,-1.4289817443913,311.039,1
"611",360,36000325,16,1,-1.6345,-0.178050835126909,341.7656,1
"612",360,36000263,16,0,-2.2454,-0.764583717519738,434.1584,1
"613",360,36000294,16,0,-2.9451,-1.43637461260938,364.5614,0
"614",360,36000150,16,0,-1.9659,-0.496232202331007,409.2156,1
"615",360,36000340,16,0,-1.6919,-0.233161307298047,490.7269,1
"616",360,36000341,16,0,0.7177,2.08032638858305,389.0308,0
"617",360,36000095,16,0,-2.6009,-1.10590380213367,406.7711,0
"618",360,36000167,16,1,-2.003,-0.531852385563572,475.4643,1
"619",360,36000195,16,0,0.8374,2.19525188542774,446.7649,1
"620",360,36000340,16,1,-2.1299,-0.653690694248545,511.3885,0
"621",360,36000195,16,0,0.0729,1.46124568377555,349.5409,0
"622",360,36000215,16,1,-0.8807,0.545682160040408,339.3174,0
"623",360,36000034,16,1,-1.395,0.0518961698380318,292.5748,0
"624",360,36000263,16,0,-1.8861,-0.419615204434546,422.2856,1
"625",360,36000124,16,1,-1.8287,-0.364504732263408,383.647,0
"626",360,36000382,16,1,-0.7164,0.703428685784624,430.4918,0
"627",360,36000334,16,0,-3.3702,-1.8445185450127,464.2446,1
"628",360,36000313,16,1,-1.829,-0.364792766090087,342.2351,0
"629",360,36000184,16,1,-2.1316,-0.655322885933056,262.3207,0
"630",360,36000124,8,1,-1.1168,0.318999538444489,292.1861,1
"631",360,36000063,16,0,-0.8769,0.549330588511668,324.6723,0
"632",360,36000325,16,0,-1.181,0.257360299535307,363.2359,0
"633",360,36000294,16,1,-3.1113,-1.59594535258923,350.7298,0
"634",360,36000124,16,1,-0.3674,1.03850803748719,290.0554,1
"635",360,36000195,16,0,0.8522,2.20946155421054,417.0451,0
"636",360,36000150,16,1,-2.2833,-0.800971990956778,361.4817,1
"637",360,36000006,16,1,-1.9882,-0.51764271678077,357.787,0
"638",360,36000215,16,1,-1.5843,-0.129853174796053,282.584,0
"639",360,36000020,16,1,-1.6084,-0.152991892205886,368.0685,0
"640",360,36000331,16,1,-1.808,-0.344630398222597,409.6031,0
"641",360,36000006,16,0,-1.5738,-0.119771990862308,280.5635,1
"642",360,36000050,16,1,-1.1438,0.293076494043431,305.1279,1
"643",360,36000313,16,1,-0.8327,0.591767572308956,323.1509,0
"644",360,36000034,16,1,-2.8165,-1.3129041122399,368.9938,1
"645",360,36000215,16,0,-1.1017,0.33349724105397,294.793,1
"646",360,36000167,16,1,-1.0488,0.384287205824932,473.6212,1
"647",360,36000259,16,1,-1.6748,-0.216743379177377,386.7011,0
"648",360,36000074,16,1,-2.8784,-1.37233509181121,462.4449,0
"649",360,36000334,16,1,-2.2103,-0.730883759798362,400.4494,1
"650",360,36000184,16,1,-1.1048,0.330520891511626,333.6081,0
"651",360,36000124,16,1,-2.7297,-1.22956632505427,320.5976,0
"652",360,36000179,16,0,-1.741,-0.280302843597749,366.3361,0
"653",360,36000063,16,1,-3.3875,-1.86112849568449,296.3618,0
"654",360,36000095,16,1,-2.3443,-0.859538869048058,412.4256,1
"655",360,36000215,16,1,0.1035,1.49062513409675,338.4326,1
"656",360,36000065,16,0,-1.0132,0.418467219924105,365.8651,0
"657",360,36000065,16,0,1.018,2.36864824908815,294.1171,0
"658",360,36000050,16,1,-3.7245,-2.18468649431992,356.4123,1
"659",360,36000179,16,0,0.6879,2.05171502846632,473.2384,1
"660",360,36000294,16,0,-1.9788,-0.508617656878179,311.5939,0
"661",360,36000124,16,1,-2.3008,-0.817773964179686,306.4476,1
"662",360,36000340,16,1,-0.3538,1.05156557096328,533.7549,0
"663",360,36000020,16,1,-1.6511,-0.193988706869782,364.4448,0
"664",360,36000215,16,0,-2.0738,-0.599828368659679,314.9833,1
"665",360,36000195,16,1,0.7278,2.09002352741455,507.1747,1
"666",360,36000179,16,1,-0.984,0.446502512387471,307.8114,0
"667",360,36000344,16,1,0.0851,1.47295905939381,347.3438,1
"668",360,36000344,16,0,-3.2916,-1.76905368242296,304.4279,1
"669",360,36000050,16,0,-0.7655,0.656287149484923,389.755,1
"670",360,36000344,16,0,-1.5435,-0.0906805743677876,279.1884,1
"671",360,36000331,16,0,-0.1132,1.28256869995937,390.7969,1
"672",360,36000215,16,0,-3.3194,-1.79574481702849,297.8434,0
"673",360,36000382,16,1,0.043,1.43253831238327,351.5162,0
"674",360,36000259,16,0,-3.0464,-1.53363403475113,347.2385,0
"675",360,36000325,16,0,-3.3675,-1.8419262405726,337.3295,0
"676",360,36000020,16,1,-1.1928,0.246030969019289,377.2227,1
"677",360,36000179,16,0,0.0902,1.47785563444734,367.1462,0
"678",360,36000195,16,0,-0.1346,1.26202228698965,479.0892,0
"679",360,36000340,16,0,0.4146,1.78931621236228,512.7208,1
"680",360,36000294,16,1,-2.2559,-0.774664901453482,292.8453,0
"681",360,36000340,16,0,-1.0229,0.409154126194836,523.8118,1
"682",360,36000034,16,0,-3.4895,-1.95905999675516,316.17,0
"683",360,36000305,16,1,0.3967,1.77213019403713,309.9799,1
"684",360,36000344,16,1,-2.3152,-0.83159958786025,280.9575,0
"685",360,36000127,16,0,-2.4674,-0.97772874926177,337.094,0
"686",360,36000325,16,1,-1.668,-0.210214612439333,451.024,0
"687",360,36000074,16,0,-1.7528,-0.291632174113767,366.0429,0
"688",360,36000167,16,0,-2.2917,-0.809036938103774,374.7727,0
"689",360,36000259,16,1,-1.7139,-0.254283787921132,404.9896,1
"690",360,36000134,16,0,-1.8244,-0.360376247414351,364.2218,0
"691",360,36000259,16,1,-1.9136,-0.446018305213402,364.1805,0
"692",360,36000333,16,1,-1.4036,0.0436392001399171,355.336,1
"693",360,36000006,16,0,-2.036,-0.563536106498198,264.8482,1
"694",360,36000195,16,1,0.126,1.51222767109764,442.8269,1
"695",360,36000034,16,1,-2.1544,-0.677213456760616,337.1808,0
"696",360,36000167,16,0,-1.7181,-0.25831626149463,365.0189,0
"697",360,36000095,16,0,-2.9091,-1.40181055340797,365.4795,0
"698",360,36000065,16,0,0.0696,1.45807731168209,351.5273,0
"699",360,36000325,16,0,-2.7632,-1.2617301023667,370.897,0
"700",360,36000382,16,1,-1.0658,0.367965288979821,281.8775,0
"701",360,36000334,16,0,-1.4204,0.0275093058459253,448.2414,0
"702",360,36000340,16,1,0.1839,1.56781819964657,527.333,1
"703",360,36000341,16,0,-0.3733,1.03284337222918,422.6355,1
"704",360,36000020,16,1,-1.6566,-0.199269327025553,346.0554,0
"705",360,36000215,16,1,-0.7549,0.666464344694227,327.304,0
"706",360,36000063,16,0,-2.7851,-1.28275657171422,317.509,0
"707",360,36000382,16,1,-1.1543,0.282995310109686,306.6681,0
"708",360,36000325,16,1,-0.834,0.590519425726683,492.6872,1
"709",360,36000259,16,1,-1.2705,0.171430207909577,367.7009,1
"710",360,36000313,16,1,-0.742,0.678849799241399,335.231,0
"711",360,36000325,16,1,-0.642,0.774861074800873,374.8339,0
"712",360,36000063,16,0,-2.6158,-1.12020948219203,305.8597,0
"713",360,36000063,16,0,-2.6672,-1.1695592778296,364.8831,0
"714",360,36000215,16,0,-1.4792,-0.0289453241830456,304.7905,0
"715",360,36000314,16,0,-1.3483,0.0967334355243063,502.0649,1
"716",360,36000215,16,0,-2.0902,-0.615574217851433,310.7884,1
"717",360,36000305,16,0,-0.5183,0.893627022667943,334.4984,0
"718",360,36000184,16,1,-0.6826,0.735880496923727,390.7984,1
"719",360,36000099,16,0,-1.6062,-0.150879644143578,378.9823,0
"720",360,36000340,16,1,-0.3704,1.03562769922041,478.284,1
"721",360,36000167,16,1,0.3179,1.69647330889627,383.5504,1
"722",360,36000313,16,1,-1.5163,-0.0645655074156105,328.107,0
"723",360,36000034,16,1,-3.3172,-1.79363256896618,346.1493,0
"724",360,36000333,16,1,-1.4526,-0.00340632488422524,320.6884,0
"725",360,36000179,16,0,0.9304,2.28454237169805,298.766,0
"726",360,36000305,16,1,-1.6541,-0.196869045136566,360.5959,1
"727",360,36000195,16,1,0.6727,2.03712131458128,443.8696,1
"728",360,36000305,16,0,-1.9776,-0.507465521571465,360.096,0
"729",360,36000030,16,0,0.4494,1.82272813625698,396.3251,0
"730",360,36000034,16,0,-1.6458,-0.18890010926513,337.1111,0
"731",360,36000099,16,0,-0.7516,0.669632716787689,364.4715,0
"732",360,36000074,16,1,-2.2206,-0.740772921180988,425.3968,0
"733",360,36000340,16,0,-0.4917,0.919166021966763,470.1711,1
"734",360,36000095,16,0,-2.1527,-0.675581265076105,327.5111,0
"735",360,36000074,16,0,-2.6654,-1.16783107486953,363.8886,0
"736",360,36000095,16,0,0.4078,1.78278744562423,388.7399,0
"737",360,36000215,16,1,-2.1641,-0.686526550489885,297.5262,0
"738",360,36000314,16,0,-1.0619,0.371709728726641,453.1499,1
"739",360,36000095,16,1,-1.6669,-0.209158488408179,334.895,0
"740",360,36000030,16,0,-1.9132,-0.445634260111164,427.5323,0
"741",360,36000263,16,1,-2.5228,-1.03091899592172,491.5998,0
"742",360,36000124,16,0,-1.2961,0.146851321366352,241.9218,0
"743",360,36000006,16,0,0.0528,1.4419474173881,350.1903,0
"744",360,36000150,16,0,-2.6738,-1.17589602201653,317.4526,0
"745",360,36000382,16,1,-1.5529,-0.099705634270378,476.1218,0
"746",360,36000195,16,0,-0.3855,1.02112999661092,364.3438,0
"747",360,36000313,16,0,-1.9894,-0.518794852087483,444.2293,0
"748",360,36000030,16,0,0.9693,2.32189075789068,559.3134,1
"749",360,36000264,16,1,-1.3748,0.0712904475010456,353.9331,0
"750",360,36000313,16,0,-3.366,-1.84048607143921,363.58,0
"751",360,36000065,16,0,-0.0121,1.37963609955,395.7674,0
"752",360,36000127,16,1,-2.7474,-1.2465603208283,274.9634,0
"753",360,36000325,16,0,-1.7473,-0.286351553957996,471.8358,1
"754",360,36000334,16,0,0.1577,1.54266324544999,460.5883,1
"755",360,36000074,16,1,-2.4915,-1.0008674666716,377.7624,0
"756",360,36000074,16,1,-2.4725,-0.982625324315304,370.2563,1
"757",360,36000314,16,1,-0.7215,0.698532110731091,400.1735,0
"758",360,36000346,16,0,-2.4225,-0.934619686535566,254.06,1
"759",360,36000184,16,1,-0.6941,0.724839200234387,344.775,1
"760",360,36000382,16,1,-1.4026,0.0445993128955117,504.1612,1
"761",360,36000074,16,1,-1.6985,-0.239498051484973,379.5323,0
"762",360,36000325,16,1,-2.8695,-1.36379008828642,370.6858,0
"763",360,36000150,16,1,-1.4731,-0.0230886363739177,335.95,1
"764",360,36000179,16,0,-0.9915,0.439301666720511,484.3619,1
"765",360,36000034,16,1,-1.3923,0.0544884742781376,263.8745,0
"766",360,36000065,16,0,-1.8584,-0.393020081104572,345.9626,0
"767",360,36000065,16,0,-1.9006,-0.43353683939067,318.618,0
"768",360,36000344,16,0,-3.2726,-1.75081154006666,285.6727,0
"769",360,36000150,16,1,-2.0197,-0.547886268582004,382.8612,1
"770",360,36000134,16,0,-1.684,-0.225576416528849,284.439,0
"771",360,36000313,16,1,-2.9832,-1.47295490859754,345.1766,0
"772",360,36000006,16,0,-1.5054,-0.0541002783796278,355.4101,0
"773",360,36000030,16,1,-0.4028,1.00452004593914,362.2044,0
"774",360,36000264,16,1,-1.5834,-0.128989073316018,330.5575,0
"775",360,36000124,16,0,-1.9638,-0.494215965544258,329.1824,0
"776",360,36000259,16,1,-1.7812,-0.318899376372658,341.4897,0
"777",360,36000157,16,1,-1.9091,-0.441697797813225,370.9571,1
"778",360,36000179,16,0,-0.3567,1.04878124397205,323.7025,0
"779",360,36000340,16,0,0.2918,1.67141436597524,492.9895,1
"780",360,36000063,1,0,-2.0269,-0.554799080422286,287.5179,0
"781",360,36000034,16,0,-1.9819,-0.511594006420523,412.8362,0
"782",360,36000184,16,1,-2.1279,-0.651770468737355,320.1275,1
"783",360,36000215,16,0,-2.3921,-0.905432258765486,384.2473,0
"784",360,36000099,16,0,-0.5689,0.845045317234849,459.3002,0
"785",360,36000314,16,0,-2.3811,-0.894871018453944,415.8819,1
"786",360,36000313,16,1,-0.9259,0.502285063487526,413.36,1
"787",360,36000134,16,1,-1.0682,0.365661018366394,380.8836,1
"788",360,36000157,16,1,-1.1981,0.240942371414637,260.013,1
"789",360,36000179,16,0,-1.6489,-0.191876458807473,305.2667,0
"790",360,36000340,16,1,-0.0771,1.31722877043634,379.7347,0
"791",360,36000020,16,1,-1.8013,-0.338197642760112,363.451,1
"792",360,36000063,16,1,-3.0044,-1.49330929901615,346.3821,1
"793",360,36000344,16,0,-2.8964,-1.38961712141192,338.0095,0
"794",360,36000262,16,0,-2.1891,-0.710529369379753,291.3124,0
"795",360,36000134,16,0,-1.5156,-0.0638934284866942,478.1434,1
"796",360,36000305,16,0,-0.5091,0.902460060019415,317.9629,0
"797",360,36000034,16,1,-3.1406,-1.62407665632815,364.0838,0
"798",360,36000030,16,0,-1.8882,-0.421631441221295,461.9461,1
"799",360,36000020,16,0,-1.329,0.115263611707285,370.668,1
"800",360,36000331,16,0,0.8952,2.25074640270111,408.9631,1
"801",360,36000020,16,0,-0.7537,0.66761648000094,363.1584,0
"802",360,36000074,16,0,-3.1858,-1.66747375288103,327.761,0
"803",360,36000167,16,0,-1.0243,0.407809968337003,304.0503,0
"804",360,36000167,16,1,-1.8662,-0.400508960598211,472.854,1
"805",360,36000095,16,0,-1.6051,-0.149823520112424,333.6935,1
"806",360,36000264,16,0,-1.0465,0.3864954651628,488.8468,1
"807",360,36000065,16,0,-1.6249,-0.1688337526732,312.4224,0
"808",360,36000305,16,0,-1.6885,-0.229896923929025,381.4664,0
"809",360,36000134,16,1,-2.4474,-0.958526494149876,331.9496,0
"810",360,36000127,16,1,-2.199,-0.720034485660141,281.1845,0
"811",360,36000382,16,0,-0.4524,0.956898453261636,435.9524,1
"812",360,36000294,16,1,-0.1283,1.26807099734989,456.8796,0
"813",360,36000099,16,0,0.4183,1.79286862955798,426.5775,1
"814",360,36000063,16,1,0.379,1.75513619826311,320.6872,0
"815",360,36000305,16,1,-1.3834,0.0630334778029309,344.8737,0
"816",360,36000294,16,0,-3.4387,-1.91028626877094,459.7046,1
"817",360,36000099,16,0,-0.2969,1.10619598675662,466.6221,1
"818",360,36000325,16,1,-0.2415,1.15938623341657,386.6068,0
"819",360,36000195,16,0,-0.1937,1.205279623134,375.4958,0
"820",360,36000167,16,0,-1.4927,-0.0419068463835745,394.5022,0
"821",360,36000006,16,0,-1.421,0.0269332381925685,385.1556,0
"822",360,36000215,16,0,-1.41,0.0374944785041108,314.4656,0
"823",360,36000184,16,1,-1.4257,0.0224207082412733,258.1329,1
"824",360,36000305,16,1,-2.0444,-0.571601053645194,268.9012,0
"825",360,36000006,16,0,0.3629,1.73967838289803,376.3916,1
"826",360,36000030,16,0,0.6442,2.00975810104683,520.2212,1
"827",360,36000184,16,1,-1.1105,0.325048248804736,329.1959,1
"828",360,36000341,16,0,-0.7244,0.695747783739866,444.5908,1
"829",360,36000038,16,0,-1.8654,-0.399740870393735,296.2289,0
"830",360,36000331,16,0,-1.2764,0.165765542651568,382.3425,0
"831",360,36000157,16,1,-1.7367,-0.276174358748692,283.731,0
"832",360,36000127,16,1,-2.0098,-0.538381152301616,321.2109,0
"833",360,36000134,16,1,-2.5952,-1.10043115942678,380.5527,0
"834",360,36000382,16,1,-0.9149,0.512846303799068,416.3562,0
"835",360,36000124,16,1,-1.1492,0.28789188516322,293.3301,0
"836",360,36000184,16,1,-2.2374,-0.75690281547498,373.6234,0
"837",360,36000150,16,0,-1.7187,-0.258892329147986,332.7998,0
"838",360,36000034,16,1,-1.9173,-0.449570722409102,358.1699,0
"839",360,36000341,16,1,0.7262,2.0884873470056,489.2142,1
"840",360,36000382,16,1,-0.602,0.813265585024663,332.8138,0
"841",360,36000325,16,0,-2.2038,-0.724643026886996,433.6875,0
"842",360,36000294,16,0,-3.079,-1.56493371058352,392.5719,0
"843",360,36000314,16,0,0.1206,1.50704306221742,428.1041,1
"844",360,36000314,16,1,-0.2069,1.19260613476015,426.8309,1
"845",360,36000314,16,0,-1.4592,-0.0097430690711507,377.6715,1
"846",360,36000124,16,1,-2.2561,-0.774856924004601,346.7084,0
"847",360,36000294,16,1,-3.3399,-1.81542712851818,427.4484,0
"848",360,36000150,16,0,-1.8587,-0.39330811493125,310.2856,0
"849",360,36000313,16,1,-1.8442,-0.379386479975127,432.7766,0
"850",360,36000334,16,0,-1.6103,-0.154816106441516,477.7079,0
"851",360,36000150,16,1,-0.4264,0.9818613849071,293.8663,0
"852",360,36000184,16,1,-2.3118,-0.828335204491228,320.0234,0
"853",360,36000065,16,0,-1.8882,-0.421631441221295,332.8285,1
"854",360,36000095,16,1,-1.8407,-0.376026085330545,310.7956,0
"855",360,36000305,16,0,-1.3647,0.0809875863325525,345.3312,1
"856",360,36000325,16,0,0.3026,1.68178358373567,396.9257,0
"857",360,36000006,16,1,0.2523,1.63348991212925,350.8543,1
"858",360,36000340,16,1,-0.8872,0.539441427129042,501.5304,0
"859",360,36000150,16,0,-2.4794,-0.989250102328907,402.2375,0
"860",360,36000263,16,0,-1.5264,-0.0742626462471174,443.4814,1
"861",360,36000263,16,0,-3.5918,-2.0572795316525,458.5474,1
"862",360,36000034,16,0,-3.5461,-2.01340237872182,352.1923,0
"863",360,36000313,16,1,-2.0689,-0.595123816157266,445.1727,0
"864",360,36000020,16,0,0.5793,1.94744678320873,357.7356,0
"865",360,36000095,16,1,-1.9697,-0.499880630802267,393.9177,0
"866",360,36000150,16,1,-3.7347,-2.19447964442699,304.5824,0
"867",360,36000195,16,0,0.2531,1.63425800233373,475.3781,0
"868",360,36000314,16,1,-2.2542,-0.773032709768971,356.7947,0
"869",360,36000150,16,0,-2.7727,-1.27085117354485,348.747,1
"870",360,36000063,16,0,-2.6319,-1.13566729755711,321.4864,0
"871",360,36000340,16,1,-0.6832,0.73530442927037,462.679,0
"872",360,36000127,16,0,-0.2554,1.1460406661138,351.8232,0
"873",360,36000065,16,0,-0.551,0.862231335559995,321.758,1
"874",360,36000006,16,1,-1.4984,-0.0473794890904645,331.804,0
"875",360,36000294,16,1,-3.3012,-1.77827076487667,369.3758,0
"876",360,36000074,16,0,-2.6152,-1.11963341453867,405.9989,0
"877",360,36000184,16,1,-2.5979,-1.10302346386688,366.8651,0
"878",360,36000325,16,1,0.9631,2.315938058806,467.5616,1
"879",360,36000074,16,0,-3.3104,-1.78710380222814,383.5784,1
"880",360,36000325,16,0,-1.8216,-0.357687931698686,401.6603,0
"881",360,36000313,8,1,-3.3261,-1.80217757249098,388.5223,0
"882",360,36000006,16,1,-1.4961,-0.0451712297525967,349.6775,1
"883",360,36000314,16,1,-1.448,0.00101019379151051,427.7768,0
"884",360,36000215,16,0,-1.6298,-0.173538305175614,260.3554,0
"885",360,36000034,16,1,-0.39,1.01680948921075,397.5814,0
"886",360,36000341,16,1,0.1243,1.51059547941312,413.7041,1
"887",360,36000263,16,0,-1.7415,-0.280782899975547,524.715,1
"888",360,36000331,16,0,-1.747,-0.286063520131318,460.5172,0
"889",360,36000334,16,0,-2.5953,-1.10052717070234,409.3124,0
"890",360,36000020,16,1,-0.9618,0.467817015561674,409.0095,0
"891",360,36000313,16,1,0.0411,1.43071409814764,240.2695,0
"892",360,36000030,16,0,-2.0962,-0.621334894385002,417.2898,1
"893",360,36000179,16,0,-0.679,0.739336902843868,370.6772,0
"894",360,36000341,16,0,1.5192,2.84985676219223,459.2059,1
"895",360,36000184,16,1,-2.0279,-0.555759193177881,396.3159,0
"896",360,36000341,16,0,0.5462,1.91566705099855,378.9897,0
"897",360,36000341,16,1,0.9179,2.27254096225311,441.0561,1
"898",360,36000259,16,1,-2.2319,-0.751622195319208,352.1811,1
"899",360,36000264,16,0,-1.9105,-0.443041955671058,341.2501,1
"900",360,36000313,16,0,-3.6296,-2.09357179381398,430.3242,0
"901",360,36000179,16,1,-2.4915,-1.0008674666716,436.2466,1
"902",360,36000382,16,1,-1.3965,0.0504560007046397,366.4153,0
"903",360,36000331,16,0,-1.1902,0.248527262183835,372.5108,1
"904",360,36000340,16,0,0.1879,1.57165865066895,537.1047,1
"905",360,36000124,16,1,-3.2645,-1.74303462674634,320.7204,0
"906",360,36000150,16,1,-1.7584,-0.297008805545098,381.0477,1
"907",360,36000030,16,0,-3.472,-1.94225802353225,400.2001,1
"908",360,36000150,16,1,-1.2228,0.217227586351446,458.7975,0
"909",360,36000065,16,0,-1.5339,-0.081463491914078,370.3463,0
"910",360,36000334,16,0,-1.9773,-0.507177487744787,390.4016,1
"911",360,36000050,16,0,0.1636,1.548327910708,260.1611,0
"912",360,36000262,16,1,-1.9118,-0.444290102253331,298.0366,0
"913",360,36000157,16,1,-1.6796,-0.221351920404232,321.88,0
"914",360,36000259,16,1,6e-04,1.39182953154605,307.1151,0
"915",360,36000382,16,1,-1.7703,-0.308434147336675,300.7613,0
"916",360,36000313,16,0,-2.06,-0.586578812632472,389.7282,0
"917",360,36000195,16,0,-0.1828,1.21574485216998,470.5893,0
"918",360,36000259,16,0,-2.5644,-1.07085968655446,335.3146,0
"919",360,36000038,4,0,-3.476,-1.94609847455463,240.4702,0
"920",360,36000063,16,0,0.8744,2.23077605738474,308.907,0
"921",360,36000259,16,1,-1.396,0.0509360570824372,293.9726,1
"922",360,36000382,16,1,-2.2023,-0.723202857753604,419.7976,1
"923",360,36000325,16,1,0.6653,2.03001648018988,378.9175,0
"924",360,36000259,16,1,-3.4864,-1.95608364721281,344.5353,0
"925",360,36000259,16,1,-1.9481,-0.47914219528142,396.3403,0
"926",360,36000334,16,0,-1.7176,-0.257836205116832,451.2724,0
"927",360,36000065,16,0,-1.6831,-0.224712315048814,365.6845,0
"928",360,36000006,16,1,-0.1718,1.22630609248152,346.7916,0
"929",360,36000215,16,0,-0.4167,0.991174478636369,266.1088,0
"930",360,36000034,16,0,-3.0373,-1.52489700867521,361.1294,1
"931",360,36000341,16,1,-0.3919,1.01498527497512,376.4376,0
"932",360,36000215,16,1,-2.5354,-1.04301641664221,188.948,0
"933",360,36000034,16,0,-2.261,-0.779561476507016,358.9498,0
"934",360,36000127,16,1,-2.2944,-0.81162924254388,307.9448,1
"935",360,36000034,16,0,-2.8792,-1.37310318201569,326.4131,0
"936",360,36000074,16,1,-3.2603,-1.73900215317284,325.5478,0
"937",360,36000184,16,0,-2.5226,-1.0307269733706,316.8201,0
"938",360,36000099,16,0,-0.9567,0.472713590615208,365.2461,0
"939",360,36000313,16,0,-2.1026,-0.627479616020808,371.4823,0
"940",360,36000034,16,1,-3.0528,-1.53977875638693,347.7906,0
"941",360,36000127,16,0,-3.5137,-1.98229472544055,333.0255,0
"942",360,36000263,16,1,-1.4057,0.0416229633531681,460.9551,1
"943",360,36000095,16,1,-2.1543,-0.677117445485057,370.672,1
"944",360,36000344,16,0,-2.3129,-0.829391328522383,331.5705,0
"945",360,36000294,16,0,-2.7318,-1.23158256184102,337.766,1
"946",360,36000305,16,1,-1.6455,-0.188612075438451,339.2555,0
"947",360,36000325,16,0,-1.4823,-0.0319216737253892,435.1068,1
"948",360,36000124,16,1,-1.9901,-0.5194669310164,318.388,1
"949",360,36000063,16,1,-1.5843,-0.129853174796053,390.568,0
"950",360,36000050,16,1,-3.4911,-1.96059617716411,300.7337,0
"951",360,36000331,16,1,-3.3206,-1.79689695233521,325.9211,0
"952",360,36000305,16,0,0.4023,1.77750682546846,318.7367,1
"953",360,36000263,16,0,-3.1788,-1.66075296359187,429.0643,1
"954",360,36000006,16,0,-2.47,-0.980225042426317,294.033,0
"955",360,36000263,16,1,-1.1672,0.270609855562514,413.4104,0
"956",360,36000134,16,0,-1.7873,-0.324756064181786,354.5544,0
"957",360,36000341,16,1,-0.9902,0.440549813302784,465.106,1
"958",360,36000063,16,0,-1.6198,-0.163937177619666,328.6519,0
"959",360,36000344,16,1,0.8043,2.16347215321755,301.0804,1
"960",360,36000124,16,1,-3.1131,-1.5976735555493,298.0976,0
"961",360,36000006,16,1,-1.3598,0.0856921388349669,330.8596,0
"962",360,36000030,16,1,-1.6613,-0.203781856976848,420.1744,0
"963",360,36000127,16,1,-2.2517,-0.770632427879984,359.0938,0
"964",360,36000006,16,0,-1.3129,0.13072142707236,402.8322,1
"965",360,36000264,16,1,-1.8455,-0.3806346265574,395.6108,1
"966",360,36000099,16,0,0.8697,2.22626352743345,406.6516,0
"967",360,36000382,16,0,-2.1395,-0.662907776702254,453.7275,1
"968",360,36000325,16,0,-1.5078,-0.0564045489930552,388.9721,0
"969",360,36000167,16,1,-1.4864,-0.0358581360233276,405.9941,0
"970",360,36000294,16,0,-0.9857,0.44487032070296,349.9201,1
"971",360,36000215,16,0,-1.7005,-0.241418276996162,375.834,0
"972",360,36000034,16,1,-2.5574,-1.0641388972653,334.3247,1
"973",360,36000167,16,0,-0.8987,0.528400130439703,368.9038,0
"974",360,36000095,16,0,-0.0937,1.30129089869347,348.5184,1
"975",360,36000134,16,0,0.2257,1.60795091283043,322.1337,0
"976",360,36000341,16,1,-0.1711,1.22697817141044,443.5544,1
"977",360,36000124,16,0,-1.8262,-0.362104450374421,348.7953,0
"978",360,36000134,16,0,-2.7129,-1.21343643076028,348.864,0
"979",360,36000099,16,0,0.5776,1.94581459152422,491.8774,1
"980",360,36000095,16,1,-1.5667,-0.112955190297585,391.9833,0
"981",360,36000331,16,0,-2.0138,-0.542221603323995,393.4034,0
"982",360,36000063,16,0,-3.4204,-1.89271620534356,307.3627,0
"983",360,36000150,16,1,-1.6851,-0.226632540560003,494.964,1
"984",360,36000340,16,0,-0.8783,0.547986430653836,497.6793,1
"985",360,36000333,16,1,-2.4141,-0.926554739388571,345.7779,0
"986",360,36000179,16,0,-3.353,-1.82800460561647,355.3364,0
"987",360,36000134,16,0,-1.5339,-0.081463491914078,346.5242,0
"988",360,36000259,16,1,-2.5493,-1.05636198394498,346.1956,0
"989",360,36000341,16,1,1.0571,2.4061886578319,378.268,1
"990",360,36000150,16,0,-2.2198,-0.740004830976512,340.2795,0
"991",360,36000346,16,0,-1.5339,-0.081463491914078,325.4933,0
"992",360,36000030,16,0,-1.2031,0.236141807636663,423.055,0
"993",360,36000065,16,0,0.0653,1.45394882683303,358.6823,0
"994",360,36000259,16,1,0.1707,1.55514471127272,339.2858,0
"995",360,36000030,16,0,-2.8259,-1.32192917214249,368.3945,0
"996",360,36000340,16,1,0.1056,1.4926413708835,550.1271,1
"997",360,36000134,16,1,-1.6214,-0.165473358028618,335.4552,1
"998",360,36000294,16,1,-1.6987,-0.239690074036092,395.2536,1
"999",360,36000259,16,1,-0.7527,0.668576592756535,316.5871,1
"1000",360,36000305,16,1,-2.4447,-0.95593418970977,315.0351,0
"1001",360,36000030,16,1,-1.3856,0.0609212297406225,400.0785,0
"1002",360,36000314,16,0,-1.9352,-0.466756740734248,299.6899,1
"1003",360,36000314,16,1,-2.1948,-0.716002012086643,484.1852,1
"1004",360,36000341,16,0,-1.3846,0.0618813424962171,494.0551,1
"1005",360,36000167,16,1,-1.1697,0.268209573673527,314.767,0
"1006",360,36000167,16,0,-0.7226,0.697475986699937,454.9779,1
"1007",360,36000167,16,1,-1.2834,0.159044753362405,366.9306,0
"1008",360,36000179,16,0,-0.9843,0.446214478560793,414.978,1
"1009",360,36000305,16,1,0.7704,2.13092433080289,253.5717,0
"1010",360,36000020,16,1,-1.376,0.0701383121943321,265.2527,0
"1011",360,36000264,16,0,-1.8199,-0.356055740014175,304.1014,0
"1012",360,36000006,16,1,-2.3295,-0.845329200265255,354.4247,1
"1013",360,36000006,16,1,-1.3851,0.0614012861184198,308.2582,1
"1014",360,36000030,16,0,-1.2038,0.235469728707747,347.2127,1
"1015",360,36000314,16,0,-2.0358,-0.563344083947079,340.7751,0
"1016",360,36000334,16,0,-2.4603,-0.970911948697048,455.2586,0
"1017",360,36000124,16,0,-3.0009,-1.48994890437157,361.9754,1
"1018",360,36000034,16,1,-3.1673,-1.64971166690253,362.1771,0
"1019",360,36000325,16,0,-0.4634,0.946337212950094,439.9878,0
"1020",360,36000099,16,1,0.1705,1.5549526887216,539.6206,1
"1021",360,36000382,16,0,-0.9454,0.483562864753428,484.275,0
"1022",360,36000074,16,1,-3.2061,-1.68696404181961,445.4254,1
"1023",360,36000179,16,0,-0.5932,0.821714577273897,443.1015,1
"1024",360,36000314,16,0,-1.4958,-0.0448831959259183,408.8278,0
"1025",360,36000264,16,1,-0.5163,0.895547248179132,345.2669,0
"1026",360,36000074,16,1,-0.2648,1.13701560621121,389.4018,1
"1027",360,36000099,16,1,-0.5455,0.867511955715766,479.0327,1
"1028",360,36000050,16,0,-1.786,-0.323507917599513,317.6472,0
"1029",360,36000331,16,0,-1.5464,-0.0934649013590122,366.5101,0
"1030",360,36000124,16,0,-1.3249,0.119200074005223,237.2933,1
"1031",360,36000195,16,0,0.0577,1.44665196989051,441.855,0
"1032",360,36000038,16,1,-0.0011,1.39019733986154,342.8219,0
"1033",360,36000006,16,1,-1.3272,0.116991814667355,399.6588,1
"1034",360,36000341,16,1,-0.516,0.895835282005811,403.4686,1
"1035",360,36000095,16,0,-1.8928,-0.426047959897031,449.1462,0
"1036",360,36000215,16,0,-2.6291,-1.13297898184144,350.4044,0
"1037",360,36000264,16,1,-1.3526,0.0926049506752489,309.3455,0
"1038",360,36000215,16,1,-1.8014,-0.338293654035672,334.2605,0
"1039",360,36000099,16,1,-1.1745,0.263601032446673,505.8324,0
"1040",360,36000179,16,0,-3.0973,-1.5825037740109,376.327,1
"1041",360,36000124,16,1,-0.7259,0.694307614606474,306.6226,0
"1042",360,36000030,16,1,-1.8048,-0.341558037404694,497.8251,0
"1043",360,36000038,16,0,-3.5835,-2.04931059578106,286.6122,1
"1044",360,36000313,16,1,-2.2765,-0.794443224218734,277.1216,0
"1045",360,36000179,16,1,0.3367,1.71452342870145,380.8104,1
"1046",360,36000382,16,0,-0.5676,0.846293463817122,400.5469,1
"1047",360,36000344,16,0,-2.2709,-0.789066592787404,308.6147,0
"1048",360,36000263,16,0,-1.3033,0.13993850952607,500.6733,1
"1049",360,36000340,16,0,-1.9648,-0.495176078299853,472.9014,1
"1050",360,36000150,16,1,-1.0987,0.336377579320754,321.9845,0
"1051",360,36000063,17,0,-1.0823,0.352123428512508,253.7291,0
"1052",360,36000134,16,0,-1.3961,0.0508400458068777,400.7982,0
"1053",360,36000331,16,1,-0.4629,0.946817269327892,498.488,1
"1054",360,36000020,16,1,-1.0405,0.392256141696368,323.7809,0
"1055",360,36000179,16,1,-1.295,0.147907445397506,343.6737,0
"1056",360,36000264,16,0,-2.2648,-0.783209904978276,385.9872,1
"1057",360,36000038,16,0,-3.5262,-1.99429613488548,292.5496,0
"1058",360,36000341,16,0,0.3374,1.71519550763036,391.4718,1
"1059",360,36000344,16,0,-2.7122,-1.21276435183136,305.9426,0
"1060",360,36000294,16,1,-2.377,-0.890934556156005,419.0116,1
"1061",360,36000305,16,0,-1.2913,0.151459862593207,328.7076,0
"1062",360,36000331,16,1,-1.1487,0.288371941541017,474.2539,1
"1063",360,36000006,16,1,-0.9815,0.448902794276458,451.8128,0
"1064",360,36000099,16,1,-0.4032,1.0041360008369,492.273,1
"1065",360,36000095,16,1,-1.6052,-0.149919531387983,374.9244,1
"1066",360,36000099,16,0,0.0273,1.41746454212043,440.2747,0
"1067",360,36000334,16,0,-2.9368,-1.42840567673794,315.759,0
"1068",360,36000074,16,0,-1.4171,0.030677677939388,388.9846,0
"1069",360,36000099,16,0,-2.4164,-0.928762998726438,464.8616,1
"1070",360,36000006,16,1,-0.4771,0.933183668198446,360.1903,1
"1071",360,36000063,16,1,-2.4153,-0.927706874695284,388.056,0
"1072",360,36000382,16,0,-2.94,-1.43147803755585,333.2818,1
"1073",360,36000030,16,0,-2.9228,-1.41496409815962,373.855,0
"1074",360,36000127,16,0,-3.3441,-1.81945960209168,269.9499,1
"1075",360,36000340,16,1,-0.4017,1.00557616997029,529.3963,1
"1076",360,36000215,16,1,-2.0664,-0.592723534268278,312.4935,0
"1077",360,36000341,16,1,0.2102,1.59306916511871,308.4644,0
"1078",360,36000184,16,1,-2.4921,-1.00144353432496,360.327,0
"1079",360,36000294,16,1,-2.3245,-0.840528636487282,347.1366,0
"1080",360,36000334,16,0,-0.8802,0.546162216418206,427.7406,1
"1081",360,36000346,16,1,-1.8122,-0.348662871796095,330.3397,0
"1082",360,36000179,16,0,-0.5121,0.89957972175263,360.5769,0
"1083",360,36000259,16,1,-1.242,0.198793421444028,314.715,1
"1084",360,36000099,16,0,0.7521,2.1133542673755,451.8844,0
"1085",360,36000331,16,0,0.0266,1.41679246319152,468.8196,1
"1086",360,36000333,16,1,-0.3885,1.01824965834414,289.1798,0
"1087",360,36000195,16,1,-0.5946,0.820370419416064,398.6602,0
"1088",360,36000264,16,1,-0.9199,0.508045740021094,385.6498,0
"1089",360,36000124,16,1,-2.3852,-0.898807480751883,315.1367,0
"1090",360,36000034,16,0,-1.8447,-0.379866536352924,412.3694,0
"1091",360,36000294,16,1,-2.8658,-1.36023767109072,365.3768,1
"1092",360,36000346,16,0,-2.8512,-1.34622002485903,301.6534,0
"1093",360,36000340,16,0,0.4707,1.84317853795114,543.1536,1
"1094",360,36000215,16,1,-0.9055,0.521871363701659,274.7641,0
"1095",360,36000157,16,1,-1.063,0.370653604695487,311.8557,0
"1096",360,36000340,16,1,-1.0438,0.389087769602905,407.7407,1
"1097",360,36000095,16,1,-2.0906,-0.615958262953671,343.7224,0
"1098",360,36000294,16,1,-2.3976,-0.910712878921258,412.8865,1
"1099",360,36000325,16,1,-1.7629,-0.301329312945274,413.5405,1
"1100",360,36000124,16,0,-1.9507,-0.481638488445967,312.5181,0
"1101",360,36000195,16,1,0.2104,1.59326118766983,508.4525,0
"1102",360,36000095,16,1,-1.1952,0.243726698405861,376.963,0
"1103",360,36000334,16,0,-1.8666,-0.400893005700449,453.5048,1
"1104",360,36000006,16,0,-1.6623,-0.204741969732443,366.0779,0
"1105",360,36000157,16,0,-2.6314,-1.13518724117931,337.7079,0
"1106",360,36000263,16,1,-0.8367,0.587927121286577,430.097,1
"1107",360,36000263,16,0,-1.2816,0.160772956322476,521.1514,1
"1108",360,36000313,16,0,-1.0628,0.370845627246605,364.6675,1
"1109",360,36000259,16,1,-2.1688,-0.69103908044118,317.9009,0
"1110",360,36000195,16,0,0.014,1.40469504247102,456.7711,1
"1111",360,36000313,16,1,-0.5217,0.890362639298921,298.0869,0
"1112",360,36000314,16,0,-1.9081,-0.440737685057631,441.4837,0
"1113",360,36000179,16,0,-1.988,-0.517450694229651,413.6252,0
"1114",360,36000340,16,0,-1.3697,0.0761870225545789,555.1414,1
"1115",360,36000065,16,0,-1.1058,0.329560778756032,397.4917,1
"1116",360,36000305,16,0,-2.7712,-1.26941100441145,319.7252,0
"1117",360,36000167,16,1,-2.6687,-1.17099944696299,358.9681,0
"1118",360,36000127,16,1,-0.3597,1.04590090570527,278.9465,0
"1119",360,36000344,16,1,0.1083,1.49523367532361,301.1819,1
"1120",360,36000346,16,0,-2.6097,-1.1143527943829,327.8242,1
"1121",360,36000195,16,1,-0.5299,0.882489714703044,468.7798,1
"1122",360,36000264,16,0,0.2071,1.59009281557637,308.0117,0
"1123",360,36000333,16,0,-3.2948,-1.77212604324086,334.837,1
"1124",360,36000184,16,1,-2.5277,-1.03562354842413,358.1976,0
"1125",360,36000157,16,1,-1.8538,-0.388603562428836,350.2512,0
"1126",360,36000314,16,1,-1.5256,-0.0734945560426416,326.3639,0
"1127",360,36000264,16,1,-1.5862,-0.131677389031683,300.0867,0
"1128",360,36000095,16,0,-2.2555,-0.774280856351244,376.9041,1
"1129",360,36000184,16,1,-2.8441,-1.33940322429431,312.4258,0
"1130",360,36000325,16,1,-1.0043,0.427012223448898,421.0674,0
"1131",360,36000157,16,0,-3.1158,-1.6002658599894,317.054,1
"1132",360,36000294,16,0,-3.111,-1.59565731876255,407.2063,0
"1133",360,36000331,16,1,-0.2274,1.17292382327045,438.519,1
"1134",360,36000305,16,0,-0.4478,0.961314971937372,268.7528,0
"1135",360,36000346,16,1,-2.6269,-1.13086673377913,227.7574,0
"1136",360,36000034,16,1,-2.2135,-0.733956120616265,357.6665,0
"1137",360,36000095,16,1,0.0435,1.43301836876107,381.854,0
"1138",360,36000334,16,0,-1.9232,-0.455235387667111,384.2426,1
"1139",360,36000314,16,0,-1.0954,0.339545951414217,380.4832,0
"1140",360,36000065,16,0,-0.115,1.2808404969993,361.027,1
"1141",360,36000195,16,1,0.1076,1.49456159639469,447.6712,1
"1142",360,36000341,16,0,-0.4839,0.926654901460402,303.5396,1
"1143",360,36000215,16,1,-1.7807,-0.31841931999486,336.6896,1
"1144",360,36000331,16,1,-1.7575,-0.296144704065062,505.6493,1
"1145",360,36000099,16,0,1.0508,2.40013994747165,325.458,0
"1146",360,36000341,16,0,0.2455,1.62696114539121,403.4073,0
"1147",360,36000167,16,1,-2.1391,-0.662523731600016,340.1016,0
"1148",360,36000341,16,1,0.2593,1.64021070141841,292.3953,0
"1149",360,36000020,16,0,-1.2441,0.196777184657279,310.3147,0
"1150",360,36000263,16,0,0.0495,1.43877904529464,441.0949,0
"1151",360,36000006,16,0,-1.242,0.198793421444028,311.1635,0
"1152",360,36000263,16,1,-1.6773,-0.219143661066364,457.1425,1
"1153",360,36000020,16,0,-0.054,1.33940737509058,421.3531,1
"1154",360,36000264,16,0,-2.2214,-0.741541011385464,331.2072,0
"1155",360,36000099,16,1,-0.8454,0.579574140312903,366.2256,0
"1156",360,36000184,16,1,-1.991,-0.520331032496435,318.9681,0
"1157",360,36000063,16,1,-2.0084,-0.537036994443783,350.0923,1
"1158",360,36000134,16,1,-3.0599,-1.54659555695166,391.7544,0
"1159",360,36000179,16,0,-1.2916,0.151171828766528,296.1275,0
"1160",360,36000341,16,0,0.2848,1.66469357668608,394.6728,0
"1161",360,36000150,16,1,-1.0924,0.342426289681001,322.0369,0
"1162",360,36000294,16,1,-2.379,-0.892854781667195,379.9953,1
"1163",360,36000346,16,0,-3.4844,-1.95416342170162,311.8617,1
"1164",360,36000030,16,1,0.5473,1.9167231750297,454.8885,1
"1165",360,36000050,16,1,-1.7075,-0.248139066285325,273.9231,0
"1166",360,36000020,16,1,-1.6939,-0.235081532809237,342.4239,0
"1167",360,36000264,16,0,-1.8592,-0.393788171309048,285.8016,1
"1168",360,36000259,16,1,-1.3462,0.0987496723110552,405.3048,1
"1169",360,36000124,16,1,-1.3902,0.0565047110648865,328.2985,0
"1170",360,36000034,16,1,-3.6049,-2.06985700875079,313.1146,0
"1171",360,36000006,16,1,-2.1508,-0.673757050840475,349.3316,0
"1172",360,36000341,16,0,-0.6008,0.814417720331377,442.8672,0
"1173",360,36000344,16,1,-0.1487,1.24848469713576,315.0944,0
"1174",360,36000167,16,1,-0.163,1.23475508473076,431.118,1
"1175",360,36000331,16,0,-1.8619,-0.396380475749154,425.5128,0
"1176",360,36000325,16,0,-1.6138,-0.158176501086098,418.6552,0
"1177",360,36000340,16,0,-0.7135,0.706213012775849,556.7317,1
"1178",360,36000325,16,0,-1.394,0.0528562825936267,331.5233,0
"1179",360,36000334,16,1,-2.7332,-1.23292671969885,359.0888,1
"1180",360,36000341,16,1,0.215,1.59767770634557,413.0822,1
"1181",360,36000313,16,0,-2.9765,-1.46652215313505,379.2372,1
"1182",360,36000264,16,0,-1.2582,0.183239594803393,265.8998,1
"1183",360,36000134,16,0,-1.5492,-0.0961532170746774,361.6869,0
"1184",360,36000294,16,1,-3.0464,-1.53363403475113,393.241,0
"1185",360,36000179,1,1,-2.6015,-1.10647986978703,310.4842,0
"1186",360,36000294,16,1,-3.7949,-2.25227843231379,395.0827,0
"1187",360,36000034,16,1,-2.0364,-0.563920151600436,327.0956,0
"1188",360,36000095,16,1,-1.6107,-0.155200151543754,379.2779,1
"1189",360,36000127,16,1,-0.7885,0.634204556106243,277.2339,0
"1190",360,36000325,16,0,-1.2705,0.171430207909577,442.5082,0
"1191",360,36000020,16,1,-0.894,0.532912660390998,310.366,0
"1192",360,36000305,16,0,-0.9232,0.504877367927631,319.3906,0
"1193",360,36000334,16,0,-0.6765,0.741737184732855,371.303,0
"1194",360,36000215,16,0,-2.6301,-1.13393909459704,307.8999,0
"1195",360,36000124,16,0,-1.865,-0.399356825291497,331.308,1
"1196",360,36000184,16,1,-1.5186,-0.0667737667534783,308.6497,0
"1197",360,36000346,16,1,-2.1928,-0.714081786575454,264.5067,0
"1198",360,36000263,16,0,-1.5989,-0.143870821027736,444.6186,0
"1199",360,36000195,16,0,-0.469,0.940960581518764,528.9789,1
"1200",360,36000305,16,0,-1.9195,-0.451682970471411,337.4004,0
"1201",360,36000340,16,1,0.2895,1.66920610663738,569.8682,1
"1202",360,36000063,16,1,-3.3807,-1.85459972894645,328.3224,0
"1203",360,36000050,16,1,-1.5339,-0.081463491914078,284.7618,0
"1204",360,36000331,16,0,-0.5783,0.836020257332258,390.6658,1
"1205",360,36000099,16,0,-1.2682,0.173638467247445,444.4149,0
"1206",360,36000314,16,0,0.2217,1.60411046180805,410.6787,1
"1207",360,36000034,16,0,-2.8043,-1.30119073662164,357.7886,0
"1208",360,36000259,16,0,-1.8346,-0.370169397521417,341.3997,0
"1209",360,36000065,16,0,-0.964,0.465704767499366,314.3115,0
"1210",360,36000259,16,0,-1.5841,-0.129661152244934,305.3085,0
"1211",360,36000063,16,1,-1.7732,-0.3112184743279,370.0855,1
"1212",360,36000124,16,1,-1.6096,-0.1541440275126,274.9529,0
"1213",360,36000179,16,1,-0.917,0.510830067012319,423.7313,1
"1214",360,36000263,16,1,-1.3794,0.0668739288253099,473.6162,0
"1215",360,36000034,16,1,-2.6276,-1.13153881270805,394.5898,0
"1216",360,36000095,16,1,-2.0639,-0.590323252379292,320.2568,0
"1217",360,36000334,16,1,-2.342,-0.85733060971019,501.5353,0
"1218",360,36000150,16,0,-3.1501,-1.6331977275063,441.7994,1
"1219",360,36000124,16,1,-1.9833,-0.512938164278355,326.6688,0
"1220",360,36000006,16,1,0.0689,1.45740523275318,350.528,0
"1221",360,36000314,16,1,-1.3082,0.135233957023656,421.3639,0
"1222",360,36000065,16,0,-0.3945,1.01248898181057,336.4045,0
"1223",360,36000099,16,1,-0.2462,1.15487370346527,364.3856,0
"1224",360,36000346,16,0,-2.3336,-0.849265662563194,355.0862,1
"1225",360,36000050,16,1,-1.4006,0.0465195384067012,297.9915,0
"1226",360,36000195,16,0,-0.0372,1.35553726938457,458.6352,0
"1227",360,36000313,16,0,-2.3953,-0.90850461958339,367.385,1
"1228",360,36000006,16,0,-1.9913,-0.520619066323113,327.2808,0
"1229",360,36000382,16,0,0.2034,1.58654039838067,462.6959,0
"1230",360,36000264,16,0,-1.6989,-0.239882096587211,332.3079,0
"1231",360,36000331,16,1,-1.3699,0.07599500000346,446.4665,1
"1232",360,36000334,16,1,-2.3154,-0.831791610411369,512.9241,1
"1233",360,36000331,16,0,-2.9583,-1.44904810098323,480.3102,1
"1234",360,36000340,16,0,-0.4635,0.946241201674535,465.9713,1
"1235",360,36000263,16,1,-2.3274,-0.843312963478506,442.3794,0
"1236",360,36000074,16,1,-2.6436,-1.14690061679756,362.7642,0
"1237",360,36000215,16,0,-1.5927,-0.137918121943049,283.4471,1
"1238",360,36000331,16,0,-1.7874,-0.324852075457345,396.0392,1
"1239",360,36000065,16,0,-1.5429,-0.0901045067144306,351.9649,0
"1240",360,36000334,16,0,-1.7038,-0.244586649089625,492.5712,1
"1241",360,36000382,16,0,-1.4997,-0.0486276356727378,422.8553,0
"1242",360,36000325,16,1,-0.9141,0.513614394003544,453.3613,1
"1243",360,36000313,16,1,-1.5114,-0.0598609549131963,343.4858,0
"1244",360,36000340,16,1,0.7207,2.08320672684983,518.5238,1
"1245",360,36000074,16,0,-1.5505,-0.0974013636569507,359.7852,1
"1246",360,36000150,16,0,-1.6641,-0.206470172692513,333.2671,1
"1247",360,36000294,16,1,-2.2304,-0.750182026185816,358.9666,0
"1248",360,36000195,16,0,0.0087,1.39960644486637,410.6533,0
"1249",360,36000263,16,0,-2.6089,-1.11358470417843,387.3292,0
"1250",360,36000340,16,0,-0.0401,1.35275294239335,461.9877,1
"1251",360,36000215,16,0,-3.5118,-1.98047051120492,285.8028,0
"1252",360,36000127,16,0,-3.0535,-1.54045083531585,315.394,0
"1253",360,36000334,16,0,-2.0815,-0.607221236877759,424.0816,1
"1254",360,36000034,16,0,-2.5624,-1.06893946104327,425.3722,1
"1255",360,36000340,16,0,-0.651,0.766220060000521,448.2673,0
"1256",360,36000030,16,0,-1.3678,0.0780112367902089,397.7259,0
"1257",360,36000020,16,0,-2.5787,-1.08458929895947,334.2466,0
"1258",360,36000124,17,1,-0.363,1.04273253361181,260.8609,0
"1259",360,36000127,16,1,-2.2709,-0.789066592787404,264.0618,0
"1260",360,36000050,16,0,-1.311,0.13254564130799,303.2029,0
"1261",360,36000134,16,0,-1.6014,-0.146271102916723,399.472,0
"1262",360,36000184,16,1,-1.6607,-0.203205789323491,304.0377,0
"1263",360,36000184,16,1,-2.6899,-1.1913538373816,328.6044,1
"1264",360,36000020,16,0,-1.7658,-0.304113639936499,324.2889,0
"1265",360,36000314,16,1,-1.206,0.233357480645438,534.7804,1
"1266",360,36000305,16,1,-1.1546,0.282707276283008,302.5515,0
"1267",360,36000167,16,0,-1.1491,0.287987896438779,434.293,0
"1268",360,36000331,16,1,-2.532,-1.03975203327319,397.8932,1
"1269",360,36000034,16,1,-2.7482,-1.24732841103277,391.0951,1
"1270",360,36000063,16,1,-0.8827,0.543761934529219,358.6748,0
"1271",360,36000184,16,1,-1.828,-0.363832653334492,302.8061,0
"1272",360,36000331,16,0,-1.2647,0.176998861892027,421.6423,0
"1273",360,36000341,16,0,0.4951,1.86660528918766,429.6107,0
"1274",360,36000305,16,0,-1.1972,0.241806472894672,304.896,0
"1275",360,36000157,16,0,-1.884,-0.417598967647797,296.0392,0
"1276",360,36000264,16,1,-1.2554,0.185927910519058,375.1596,0
"1277",360,36000124,16,1,-2.2968,-0.813933513157307,391.819,1
"1278",360,36000020,16,1,-1.1257,0.310454534919696,352.0521,0
"1279",360,36000124,16,1,-2.97,-1.46028142022369,354.453,1
"1280",360,36000127,16,1,-2.4842,-0.993858643555762,314.4434,0
"1281",360,36000263,16,0,-1.3499,0.0951972551153547,478.9156,0
"1282",360,36000074,16,1,-3.2724,-1.75061951751554,366.2038,1
"1283",360,36000305,16,1,-0.92,0.507949728745535,265.6096,0
"1284",360,36000065,16,0,-1.3716,0.0743628083189489,319.7285,0
"1285",360,36000340,16,1,-0.8244,0.599736508180392,513.5048,0
"1286",360,36000294,16,1,-2.1906,-0.711969538513145,385.8436,0
"1287",360,36000150,16,0,-1.3901,0.0566007223404462,378.1439,1
"1288",360,36000134,16,0,-1.8256,-0.361528382721064,437.2607,0
"1289",360,36000263,16,0,-2.1794,-0.701216275650484,414.9348,1
"1290",360,36000344,16,0,-3.9386,-2.39024663529276,277.983,0
"1291",360,36000382,16,1,-2.2849,-0.80250817136573,348.8934,0
"1292",360,36000325,16,1,-1.453,-0.00379036998646331,473.9145,1
"1293",360,36000095,16,0,-3.5215,-1.98978360493419,330.0556,0
"1294",360,36000215,16,1,-1.2742,0.167877790713877,284.7102,0
"1295",360,36000020,16,0,-2.5842,-1.08986991911524,385.3322,0
"1296",360,36000095,16,1,-2.6533,-1.15621371052683,334.6779,0
"1297",360,36000259,16,1,-1.0426,0.390239904909619,366.8186,1
